source,target,interaction,weight
CH.ifa.draw.applet.DrawApplet,CH.ifa.draw.applet.SleeperThread,constructs,1
CH.ifa.draw.applet.DrawApplet,CH.ifa.draw.figures.AttributeFigure,depends,5
CH.ifa.draw.applet.DrawApplet,CH.ifa.draw.figures.GroupCommand,constructs,1
CH.ifa.draw.applet.DrawApplet,CH.ifa.draw.figures.UngroupCommand,constructs,1
CH.ifa.draw.applet.DrawApplet,CH.ifa.draw.framework.Drawing,depends,3
CH.ifa.draw.applet.DrawApplet,CH.ifa.draw.framework.Drawing,holds,1
CH.ifa.draw.applet.DrawApplet,CH.ifa.draw.framework.Drawing,returns,2
CH.ifa.draw.applet.DrawApplet,CH.ifa.draw.framework.DrawingEditor,specializes,1
CH.ifa.draw.applet.DrawApplet,CH.ifa.draw.framework.DrawingView,accepts,1
CH.ifa.draw.applet.DrawApplet,CH.ifa.draw.framework.DrawingView,returns,1
CH.ifa.draw.applet.DrawApplet,CH.ifa.draw.framework.Figure,depends,5
CH.ifa.draw.applet.DrawApplet,CH.ifa.draw.framework.FigureEnumeration,depends,1
CH.ifa.draw.applet.DrawApplet,CH.ifa.draw.framework.Tool,accepts,2
CH.ifa.draw.applet.DrawApplet,CH.ifa.draw.framework.Tool,depends,2
CH.ifa.draw.applet.DrawApplet,CH.ifa.draw.framework.Tool,holds,1
CH.ifa.draw.applet.DrawApplet,CH.ifa.draw.framework.Tool,returns,2
CH.ifa.draw.applet.DrawApplet,CH.ifa.draw.standard.BufferedUpdateStrategy,constructs,1
CH.ifa.draw.applet.DrawApplet,CH.ifa.draw.standard.ChangeAttributeCommand,constructs,6
CH.ifa.draw.applet.DrawApplet,CH.ifa.draw.standard.DeleteCommand,constructs,1
CH.ifa.draw.applet.DrawApplet,CH.ifa.draw.standard.DuplicateCommand,constructs,1
CH.ifa.draw.applet.DrawApplet,CH.ifa.draw.standard.SelectionTool,constructs,1
CH.ifa.draw.applet.DrawApplet,CH.ifa.draw.standard.SimpleUpdateStrategy,constructs,1
CH.ifa.draw.applet.DrawApplet,CH.ifa.draw.standard.StandardDrawing,constructs,1
CH.ifa.draw.applet.DrawApplet,CH.ifa.draw.standard.StandardDrawingView,constructs,1
CH.ifa.draw.applet.DrawApplet,CH.ifa.draw.standard.StandardDrawingView,depends,6
CH.ifa.draw.applet.DrawApplet,CH.ifa.draw.standard.StandardDrawingView,holds,1
CH.ifa.draw.applet.DrawApplet,CH.ifa.draw.standard.StandardDrawingView,returns,1
CH.ifa.draw.applet.DrawApplet,CH.ifa.draw.standard.ToolButton,accepts,1
CH.ifa.draw.applet.DrawApplet,CH.ifa.draw.standard.ToolButton,constructs,1
CH.ifa.draw.applet.DrawApplet,CH.ifa.draw.standard.ToolButton,depends,6
CH.ifa.draw.applet.DrawApplet,CH.ifa.draw.standard.ToolButton,holds,2
CH.ifa.draw.applet.DrawApplet,CH.ifa.draw.standard.ToolButton,returns,1
CH.ifa.draw.applet.DrawApplet,CH.ifa.draw.util.ColorMap,depends,5
CH.ifa.draw.applet.DrawApplet,CH.ifa.draw.util.CommandButton,constructs,4
CH.ifa.draw.applet.DrawApplet,CH.ifa.draw.util.CommandChoice,constructs,3
CH.ifa.draw.applet.DrawApplet,CH.ifa.draw.util.CommandChoice,depends,6
CH.ifa.draw.applet.DrawApplet,CH.ifa.draw.util.Filler,constructs,2
CH.ifa.draw.applet.DrawApplet,CH.ifa.draw.util.Iconkit,constructs,1
CH.ifa.draw.applet.DrawApplet,CH.ifa.draw.util.Iconkit,holds,1
CH.ifa.draw.applet.DrawApplet,CH.ifa.draw.util.PaletteButton,accepts,2
CH.ifa.draw.applet.DrawApplet,CH.ifa.draw.util.PaletteButton,depends,2
CH.ifa.draw.applet.DrawApplet,CH.ifa.draw.util.PaletteLayout,constructs,3
CH.ifa.draw.applet.DrawApplet,CH.ifa.draw.util.PaletteListener,specializes,1
CH.ifa.draw.applet.DrawApplet,CH.ifa.draw.util.StorableInput,constructs,1
CH.ifa.draw.applet.DrawApplet,CH.ifa.draw.util.StorableInput,depends,1
CH.ifa.draw.application.DrawApplication,CH.ifa.draw.figures.GroupCommand,constructs,1
CH.ifa.draw.application.DrawApplication,CH.ifa.draw.figures.UngroupCommand,constructs,1
CH.ifa.draw.application.DrawApplication,CH.ifa.draw.framework.Drawing,accepts,1
CH.ifa.draw.application.DrawApplication,CH.ifa.draw.framework.Drawing,depends,2
CH.ifa.draw.application.DrawApplication,CH.ifa.draw.framework.Drawing,holds,1
CH.ifa.draw.application.DrawApplication,CH.ifa.draw.framework.Drawing,returns,2
CH.ifa.draw.application.DrawApplication,CH.ifa.draw.framework.DrawingEditor,specializes,1
CH.ifa.draw.application.DrawApplication,CH.ifa.draw.framework.DrawingView,accepts,1
CH.ifa.draw.application.DrawApplication,CH.ifa.draw.framework.DrawingView,returns,1
CH.ifa.draw.application.DrawApplication,CH.ifa.draw.framework.Tool,accepts,2
CH.ifa.draw.application.DrawApplication,CH.ifa.draw.framework.Tool,depends,4
CH.ifa.draw.application.DrawApplication,CH.ifa.draw.framework.Tool,holds,1
CH.ifa.draw.application.DrawApplication,CH.ifa.draw.framework.Tool,returns,2
CH.ifa.draw.application.DrawApplication,CH.ifa.draw.standard.AlignCommand,constructs,6
CH.ifa.draw.application.DrawApplication,CH.ifa.draw.standard.BringToFrontCommand,constructs,1
CH.ifa.draw.application.DrawApplication,CH.ifa.draw.standard.BufferedUpdateStrategy,constructs,1
CH.ifa.draw.application.DrawApplication,CH.ifa.draw.standard.ChangeAttributeCommand,constructs,10
CH.ifa.draw.application.DrawApplication,CH.ifa.draw.standard.CopyCommand,constructs,1
CH.ifa.draw.application.DrawApplication,CH.ifa.draw.standard.CutCommand,constructs,1
CH.ifa.draw.application.DrawApplication,CH.ifa.draw.standard.DeleteCommand,constructs,1
CH.ifa.draw.application.DrawApplication,CH.ifa.draw.standard.DuplicateCommand,constructs,1
CH.ifa.draw.application.DrawApplication,CH.ifa.draw.standard.PasteCommand,constructs,1
CH.ifa.draw.application.DrawApplication,CH.ifa.draw.standard.SelectionTool,constructs,1
CH.ifa.draw.application.DrawApplication,CH.ifa.draw.standard.SendToBackCommand,constructs,1
CH.ifa.draw.application.DrawApplication,CH.ifa.draw.standard.SimpleUpdateStrategy,constructs,1
CH.ifa.draw.application.DrawApplication,CH.ifa.draw.standard.StandardDrawing,constructs,1
CH.ifa.draw.application.DrawApplication,CH.ifa.draw.standard.StandardDrawingView,accepts,1
CH.ifa.draw.application.DrawApplication,CH.ifa.draw.standard.StandardDrawingView,constructs,1
CH.ifa.draw.application.DrawApplication,CH.ifa.draw.standard.StandardDrawingView,depends,6
CH.ifa.draw.application.DrawApplication,CH.ifa.draw.standard.StandardDrawingView,holds,1
CH.ifa.draw.application.DrawApplication,CH.ifa.draw.standard.StandardDrawingView,returns,1
CH.ifa.draw.application.DrawApplication,CH.ifa.draw.standard.ToggleGridCommand,constructs,1
CH.ifa.draw.application.DrawApplication,CH.ifa.draw.standard.ToolButton,accepts,1
CH.ifa.draw.application.DrawApplication,CH.ifa.draw.standard.ToolButton,constructs,1
CH.ifa.draw.application.DrawApplication,CH.ifa.draw.standard.ToolButton,depends,6
CH.ifa.draw.application.DrawApplication,CH.ifa.draw.standard.ToolButton,holds,2
CH.ifa.draw.application.DrawApplication,CH.ifa.draw.standard.ToolButton,returns,1
CH.ifa.draw.application.DrawApplication,CH.ifa.draw.util.ColorMap,depends,3
CH.ifa.draw.application.DrawApplication,CH.ifa.draw.util.CommandMenu,constructs,7
CH.ifa.draw.application.DrawApplication,CH.ifa.draw.util.CommandMenu,depends,28
CH.ifa.draw.application.DrawApplication,CH.ifa.draw.util.Iconkit,constructs,1
CH.ifa.draw.application.DrawApplication,CH.ifa.draw.util.Iconkit,holds,1
CH.ifa.draw.application.DrawApplication,CH.ifa.draw.util.PaletteButton,accepts,2
CH.ifa.draw.application.DrawApplication,CH.ifa.draw.util.PaletteButton,depends,2
CH.ifa.draw.application.DrawApplication,CH.ifa.draw.util.PaletteLayout,constructs,1
CH.ifa.draw.application.DrawApplication,CH.ifa.draw.util.PaletteListener,specializes,1
CH.ifa.draw.application.DrawApplication,CH.ifa.draw.util.StorableInput,constructs,1
CH.ifa.draw.application.DrawApplication,CH.ifa.draw.util.StorableInput,depends,1
CH.ifa.draw.application.DrawApplication,CH.ifa.draw.util.StorableOutput,constructs,1
CH.ifa.draw.application.DrawApplication,CH.ifa.draw.util.StorableOutput,depends,2
CH.ifa.draw.contrib.ChopPolygonConnector,CH.ifa.draw.contrib.PolygonFigure,depends,1
CH.ifa.draw.contrib.ChopPolygonConnector,CH.ifa.draw.framework.Figure,accepts,2
CH.ifa.draw.contrib.ChopPolygonConnector,CH.ifa.draw.standard.ChopBoxConnector,specializes,1
CH.ifa.draw.contrib.DiamondFigure,CH.ifa.draw.figures.AttributeFigure,depends,2
CH.ifa.draw.contrib.DiamondFigure,CH.ifa.draw.figures.RectangleFigure,depends,2
CH.ifa.draw.contrib.DiamondFigure,CH.ifa.draw.figures.RectangleFigure,specializes,1
CH.ifa.draw.contrib.PolygonFigure,CH.ifa.draw.contrib.ChopPolygonConnector,constructs,1
CH.ifa.draw.contrib.PolygonFigure,CH.ifa.draw.contrib.PolygonHandle,constructs,1
CH.ifa.draw.contrib.PolygonFigure,CH.ifa.draw.contrib.PolygonScaleHandle,constructs,1
CH.ifa.draw.contrib.PolygonFigure,CH.ifa.draw.figures.AttributeFigure,depends,2
CH.ifa.draw.contrib.PolygonFigure,CH.ifa.draw.figures.AttributeFigure,specializes,1
CH.ifa.draw.contrib.PolygonFigure,CH.ifa.draw.framework.Connector,returns,1
CH.ifa.draw.contrib.PolygonFigure,CH.ifa.draw.framework.Locator,returns,1
CH.ifa.draw.contrib.PolygonFigure,CH.ifa.draw.standard.AbstractFigure,depends,13
CH.ifa.draw.contrib.PolygonFigure,CH.ifa.draw.standard.AbstractLocator,constructs,1
CH.ifa.draw.contrib.PolygonFigure,CH.ifa.draw.util.Geom,depends,8
CH.ifa.draw.contrib.PolygonFigure,CH.ifa.draw.util.StorableInput,accepts,1
CH.ifa.draw.contrib.PolygonFigure,CH.ifa.draw.util.StorableInput,depends,3
CH.ifa.draw.contrib.PolygonFigure,CH.ifa.draw.util.StorableOutput,accepts,1
CH.ifa.draw.contrib.PolygonFigure,CH.ifa.draw.util.StorableOutput,depends,3
CH.ifa.draw.contrib.PolygonHandle,CH.ifa.draw.contrib.PolygonFigure,accepts,1
CH.ifa.draw.contrib.PolygonHandle,CH.ifa.draw.contrib.PolygonFigure,depends,2
CH.ifa.draw.contrib.PolygonHandle,CH.ifa.draw.contrib.PolygonFigure,returns,1
CH.ifa.draw.contrib.PolygonHandle,CH.ifa.draw.framework.DrawingView,accepts,2
CH.ifa.draw.contrib.PolygonHandle,CH.ifa.draw.framework.Locator,accepts,1
CH.ifa.draw.contrib.PolygonHandle,CH.ifa.draw.framework.Locator,depends,1
CH.ifa.draw.contrib.PolygonHandle,CH.ifa.draw.framework.Locator,holds,1
CH.ifa.draw.contrib.PolygonHandle,CH.ifa.draw.standard.AbstractHandle,depends,2
CH.ifa.draw.contrib.PolygonHandle,CH.ifa.draw.standard.AbstractHandle,specializes,1
CH.ifa.draw.contrib.PolygonScaleHandle,CH.ifa.draw.contrib.PolygonFigure,accepts,1
CH.ifa.draw.contrib.PolygonScaleHandle,CH.ifa.draw.contrib.PolygonFigure,depends,4
CH.ifa.draw.contrib.PolygonScaleHandle,CH.ifa.draw.framework.Drawing,accepts,3
CH.ifa.draw.contrib.PolygonScaleHandle,CH.ifa.draw.standard.AbstractHandle,depends,5
CH.ifa.draw.contrib.PolygonScaleHandle,CH.ifa.draw.standard.AbstractHandle,specializes,1
CH.ifa.draw.contrib.PolygonScaleHandle,CH.ifa.draw.util.Geom,depends,1
CH.ifa.draw.contrib.PolygonTool,CH.ifa.draw.contrib.PolygonFigure,constructs,1
CH.ifa.draw.contrib.PolygonTool,CH.ifa.draw.contrib.PolygonFigure,depends,8
CH.ifa.draw.contrib.PolygonTool,CH.ifa.draw.contrib.PolygonFigure,holds,1
CH.ifa.draw.contrib.PolygonTool,CH.ifa.draw.framework.Drawing,depends,1
CH.ifa.draw.contrib.PolygonTool,CH.ifa.draw.framework.DrawingEditor,depends,1
CH.ifa.draw.contrib.PolygonTool,CH.ifa.draw.framework.DrawingView,accepts,1
CH.ifa.draw.contrib.PolygonTool,CH.ifa.draw.framework.DrawingView,depends,2
CH.ifa.draw.contrib.PolygonTool,CH.ifa.draw.standard.AbstractFigure,depends,2
CH.ifa.draw.contrib.PolygonTool,CH.ifa.draw.standard.AbstractTool,depends,6
CH.ifa.draw.contrib.PolygonTool,CH.ifa.draw.standard.AbstractTool,specializes,1
CH.ifa.draw.contrib.TriangleFigure,CH.ifa.draw.contrib.PolygonFigure,depends,2
CH.ifa.draw.contrib.TriangleFigure,CH.ifa.draw.contrib.TriangleRotationHandle,constructs,1
CH.ifa.draw.contrib.TriangleFigure,CH.ifa.draw.figures.AttributeFigure,depends,2
CH.ifa.draw.contrib.TriangleFigure,CH.ifa.draw.figures.RectangleFigure,depends,5
CH.ifa.draw.contrib.TriangleFigure,CH.ifa.draw.figures.RectangleFigure,specializes,1
CH.ifa.draw.contrib.TriangleFigure,CH.ifa.draw.standard.AbstractFigure,depends,3
CH.ifa.draw.contrib.TriangleFigure,CH.ifa.draw.util.StorableInput,accepts,1
CH.ifa.draw.contrib.TriangleFigure,CH.ifa.draw.util.StorableInput,depends,1
CH.ifa.draw.contrib.TriangleFigure,CH.ifa.draw.util.StorableOutput,accepts,1
CH.ifa.draw.contrib.TriangleFigure,CH.ifa.draw.util.StorableOutput,depends,1
CH.ifa.draw.contrib.TriangleRotationHandle,CH.ifa.draw.contrib.TriangleFigure,accepts,1
CH.ifa.draw.contrib.TriangleRotationHandle,CH.ifa.draw.contrib.TriangleFigure,depends,2
CH.ifa.draw.contrib.TriangleRotationHandle,CH.ifa.draw.framework.Drawing,accepts,3
CH.ifa.draw.contrib.TriangleRotationHandle,CH.ifa.draw.framework.Figure,depends,2
CH.ifa.draw.contrib.TriangleRotationHandle,CH.ifa.draw.standard.AbstractHandle,depends,5
CH.ifa.draw.contrib.TriangleRotationHandle,CH.ifa.draw.standard.AbstractHandle,specializes,1
CH.ifa.draw.contrib.TriangleRotationHandle,CH.ifa.draw.util.Geom,depends,1
CH.ifa.draw.figures.ArrowTip,CH.ifa.draw.figures.LineDecoration,specializes,1
CH.ifa.draw.figures.ArrowTip,CH.ifa.draw.util.StorableInput,accepts,1
CH.ifa.draw.figures.ArrowTip,CH.ifa.draw.util.StorableOutput,accepts,1
CH.ifa.draw.figures.AttributeFigure,CH.ifa.draw.figures.FigureAttributes,constructs,3
CH.ifa.draw.figures.AttributeFigure,CH.ifa.draw.figures.FigureAttributes,depends,13
CH.ifa.draw.figures.AttributeFigure,CH.ifa.draw.figures.FigureAttributes,holds,2
CH.ifa.draw.figures.AttributeFigure,CH.ifa.draw.standard.AbstractFigure,depends,3
CH.ifa.draw.figures.AttributeFigure,CH.ifa.draw.standard.AbstractFigure,specializes,1
CH.ifa.draw.figures.AttributeFigure,CH.ifa.draw.util.ColorMap,depends,2
CH.ifa.draw.figures.AttributeFigure,CH.ifa.draw.util.StorableInput,accepts,1
CH.ifa.draw.figures.AttributeFigure,CH.ifa.draw.util.StorableInput,depends,1
CH.ifa.draw.figures.AttributeFigure,CH.ifa.draw.util.StorableOutput,accepts,1
CH.ifa.draw.figures.AttributeFigure,CH.ifa.draw.util.StorableOutput,depends,2
CH.ifa.draw.figures.BorderDecorator,CH.ifa.draw.framework.Figure,accepts,1
CH.ifa.draw.figures.BorderDecorator,CH.ifa.draw.framework.Figure,depends,1
CH.ifa.draw.figures.BorderDecorator,CH.ifa.draw.framework.FigureChangeEvent,accepts,1
CH.ifa.draw.figures.BorderDecorator,CH.ifa.draw.framework.FigureChangeEvent,constructs,1
CH.ifa.draw.figures.BorderDecorator,CH.ifa.draw.framework.FigureChangeEvent,depends,2
CH.ifa.draw.figures.BorderDecorator,CH.ifa.draw.standard.DecoratorFigure,depends,3
CH.ifa.draw.figures.BorderDecorator,CH.ifa.draw.standard.DecoratorFigure,specializes,1
CH.ifa.draw.figures.BorderTool,CH.ifa.draw.figures.BorderDecorator,constructs,1
CH.ifa.draw.figures.BorderTool,CH.ifa.draw.framework.Drawing,depends,1
CH.ifa.draw.figures.BorderTool,CH.ifa.draw.framework.DrawingView,accepts,1
CH.ifa.draw.figures.BorderTool,CH.ifa.draw.framework.Figure,accepts,1
CH.ifa.draw.figures.BorderTool,CH.ifa.draw.standard.AbstractTool,depends,1
CH.ifa.draw.figures.BorderTool,CH.ifa.draw.standard.ActionTool,specializes,1
CH.ifa.draw.figures.ChopEllipseConnector,CH.ifa.draw.framework.Figure,accepts,2
CH.ifa.draw.figures.ChopEllipseConnector,CH.ifa.draw.framework.Figure,depends,1
CH.ifa.draw.figures.ChopEllipseConnector,CH.ifa.draw.standard.ChopBoxConnector,specializes,1
CH.ifa.draw.figures.ChopEllipseConnector,CH.ifa.draw.util.Geom,depends,2
CH.ifa.draw.figures.ConnectedTextTool,CH.ifa.draw.figures.TextTool,depends,1
CH.ifa.draw.figures.ConnectedTextTool,CH.ifa.draw.figures.TextTool,specializes,1
CH.ifa.draw.figures.ConnectedTextTool,CH.ifa.draw.framework.Drawing,depends,1
CH.ifa.draw.figures.ConnectedTextTool,CH.ifa.draw.framework.DrawingView,accepts,1
CH.ifa.draw.figures.ConnectedTextTool,CH.ifa.draw.framework.Figure,accepts,1
CH.ifa.draw.figures.ConnectedTextTool,CH.ifa.draw.standard.AbstractTool,depends,1
CH.ifa.draw.figures.ConnectedTextTool,CH.ifa.draw.standard.CreationTool,depends,1
CH.ifa.draw.figures.ConnectedTextTool,CH.ifa.draw.standard.TextHolder,depends,1
CH.ifa.draw.figures.ElbowConnection,CH.ifa.draw.figures.ElbowHandle,constructs,1
CH.ifa.draw.figures.ElbowConnection,CH.ifa.draw.figures.ElbowTextLocator,constructs,1
CH.ifa.draw.figures.ElbowConnection,CH.ifa.draw.figures.LineConnection,depends,5
CH.ifa.draw.figures.ElbowConnection,CH.ifa.draw.figures.LineConnection,specializes,1
CH.ifa.draw.figures.ElbowConnection,CH.ifa.draw.figures.PolyLineFigure,depends,1
CH.ifa.draw.figures.ElbowConnection,CH.ifa.draw.framework.Connector,depends,2
CH.ifa.draw.figures.ElbowConnection,CH.ifa.draw.framework.Figure,accepts,1
CH.ifa.draw.figures.ElbowConnection,CH.ifa.draw.framework.Figure,depends,2
CH.ifa.draw.figures.ElbowConnection,CH.ifa.draw.framework.Locator,returns,1
CH.ifa.draw.figures.ElbowConnection,CH.ifa.draw.standard.AbstractFigure,depends,2
CH.ifa.draw.figures.ElbowConnection,CH.ifa.draw.standard.ChangeConnectionEndHandle,constructs,1
CH.ifa.draw.figures.ElbowConnection,CH.ifa.draw.standard.ChangeConnectionStartHandle,constructs,1
CH.ifa.draw.figures.ElbowConnection,CH.ifa.draw.standard.NullHandle,constructs,1
CH.ifa.draw.figures.ElbowConnection,CH.ifa.draw.util.Geom,depends,1
CH.ifa.draw.figures.ElbowHandle,CH.ifa.draw.figures.LineConnection,accepts,1
CH.ifa.draw.figures.ElbowHandle,CH.ifa.draw.figures.LineConnection,depends,6
CH.ifa.draw.figures.ElbowHandle,CH.ifa.draw.figures.LineConnection,returns,1
CH.ifa.draw.figures.ElbowHandle,CH.ifa.draw.figures.PolyLineFigure,depends,7
CH.ifa.draw.figures.ElbowHandle,CH.ifa.draw.framework.Connector,depends,4
CH.ifa.draw.figures.ElbowHandle,CH.ifa.draw.framework.DrawingView,accepts,2
CH.ifa.draw.figures.ElbowHandle,CH.ifa.draw.framework.Figure,depends,8
CH.ifa.draw.figures.ElbowHandle,CH.ifa.draw.standard.AbstractHandle,depends,2
CH.ifa.draw.figures.ElbowHandle,CH.ifa.draw.standard.AbstractHandle,specializes,1
CH.ifa.draw.figures.ElbowHandle,CH.ifa.draw.util.Geom,depends,4
CH.ifa.draw.figures.ElbowTextLocator,CH.ifa.draw.framework.Figure,accepts,1
CH.ifa.draw.figures.ElbowTextLocator,CH.ifa.draw.framework.Figure,depends,2
CH.ifa.draw.figures.ElbowTextLocator,CH.ifa.draw.standard.AbstractLocator,specializes,1
CH.ifa.draw.figures.EllipseFigure,CH.ifa.draw.figures.AttributeFigure,depends,2
CH.ifa.draw.figures.EllipseFigure,CH.ifa.draw.figures.AttributeFigure,specializes,1
CH.ifa.draw.figures.EllipseFigure,CH.ifa.draw.figures.ChopEllipseConnector,constructs,1
CH.ifa.draw.figures.EllipseFigure,CH.ifa.draw.framework.Connector,returns,1
CH.ifa.draw.figures.EllipseFigure,CH.ifa.draw.standard.BoxHandleKit,depends,1
CH.ifa.draw.figures.EllipseFigure,CH.ifa.draw.util.StorableInput,accepts,1
CH.ifa.draw.figures.EllipseFigure,CH.ifa.draw.util.StorableInput,depends,4
CH.ifa.draw.figures.EllipseFigure,CH.ifa.draw.util.StorableOutput,accepts,1
CH.ifa.draw.figures.EllipseFigure,CH.ifa.draw.util.StorableOutput,depends,4
CH.ifa.draw.figures.FigureAttributes,CH.ifa.draw.util.StorableInput,accepts,1
CH.ifa.draw.figures.FigureAttributes,CH.ifa.draw.util.StorableInput,depends,11
CH.ifa.draw.figures.FigureAttributes,CH.ifa.draw.util.StorableOutput,accepts,1
CH.ifa.draw.figures.FigureAttributes,CH.ifa.draw.util.StorableOutput,depends,17
CH.ifa.draw.figures.FontSizeHandle,CH.ifa.draw.figures.TextFigure,depends,2
CH.ifa.draw.figures.FontSizeHandle,CH.ifa.draw.framework.DrawingView,accepts,2
CH.ifa.draw.figures.FontSizeHandle,CH.ifa.draw.framework.Figure,accepts,1
CH.ifa.draw.figures.FontSizeHandle,CH.ifa.draw.framework.Locator,accepts,1
CH.ifa.draw.figures.FontSizeHandle,CH.ifa.draw.standard.AbstractHandle,depends,3
CH.ifa.draw.figures.FontSizeHandle,CH.ifa.draw.standard.LocatorHandle,specializes,1
CH.ifa.draw.figures.GroupCommand,CH.ifa.draw.figures.GroupFigure,constructs,1
CH.ifa.draw.figures.GroupCommand,CH.ifa.draw.framework.Drawing,depends,2
CH.ifa.draw.figures.GroupCommand,CH.ifa.draw.framework.DrawingView,accepts,1
CH.ifa.draw.figures.GroupCommand,CH.ifa.draw.framework.DrawingView,depends,6
CH.ifa.draw.figures.GroupCommand,CH.ifa.draw.framework.DrawingView,holds,1
CH.ifa.draw.figures.GroupCommand,CH.ifa.draw.standard.CompositeFigure,depends,1
CH.ifa.draw.figures.GroupCommand,CH.ifa.draw.util.Command,specializes,1
CH.ifa.draw.figures.GroupFigure,CH.ifa.draw.figures.GroupHandle,constructs,4
CH.ifa.draw.figures.GroupFigure,CH.ifa.draw.framework.Figure,depends,3
CH.ifa.draw.figures.GroupFigure,CH.ifa.draw.framework.FigureEnumeration,depends,3
CH.ifa.draw.figures.GroupFigure,CH.ifa.draw.framework.FigureEnumeration,returns,1
CH.ifa.draw.figures.GroupFigure,CH.ifa.draw.standard.AbstractFigure,depends,1
CH.ifa.draw.figures.GroupFigure,CH.ifa.draw.standard.CompositeFigure,depends,2
CH.ifa.draw.figures.GroupFigure,CH.ifa.draw.standard.CompositeFigure,specializes,1
CH.ifa.draw.figures.GroupFigure,CH.ifa.draw.standard.FigureEnumerator,constructs,1
CH.ifa.draw.figures.GroupFigure,CH.ifa.draw.standard.RelativeLocator,depends,4
CH.ifa.draw.figures.GroupHandle,CH.ifa.draw.framework.Figure,accepts,1
CH.ifa.draw.figures.GroupHandle,CH.ifa.draw.framework.Locator,accepts,1
CH.ifa.draw.figures.GroupHandle,CH.ifa.draw.standard.AbstractHandle,depends,1
CH.ifa.draw.figures.GroupHandle,CH.ifa.draw.standard.NullHandle,specializes,1
CH.ifa.draw.figures.ImageFigure,CH.ifa.draw.figures.AttributeFigure,depends,2
CH.ifa.draw.figures.ImageFigure,CH.ifa.draw.figures.AttributeFigure,specializes,1
CH.ifa.draw.figures.ImageFigure,CH.ifa.draw.framework.FigureChangeEvent,constructs,1
CH.ifa.draw.figures.ImageFigure,CH.ifa.draw.framework.FigureChangeListener,depends,1
CH.ifa.draw.figures.ImageFigure,CH.ifa.draw.standard.AbstractFigure,depends,3
CH.ifa.draw.figures.ImageFigure,CH.ifa.draw.standard.BoxHandleKit,depends,1
CH.ifa.draw.figures.ImageFigure,CH.ifa.draw.util.Iconkit,depends,6
CH.ifa.draw.figures.ImageFigure,CH.ifa.draw.util.StorableInput,accepts,1
CH.ifa.draw.figures.ImageFigure,CH.ifa.draw.util.StorableInput,depends,5
CH.ifa.draw.figures.ImageFigure,CH.ifa.draw.util.StorableOutput,accepts,1
CH.ifa.draw.figures.ImageFigure,CH.ifa.draw.util.StorableOutput,depends,5
CH.ifa.draw.figures.InsertImageCommand,CH.ifa.draw.figures.ImageFigure,constructs,1
CH.ifa.draw.figures.InsertImageCommand,CH.ifa.draw.framework.DrawingView,accepts,1
CH.ifa.draw.figures.InsertImageCommand,CH.ifa.draw.framework.DrawingView,depends,5
CH.ifa.draw.figures.InsertImageCommand,CH.ifa.draw.framework.DrawingView,holds,1
CH.ifa.draw.figures.InsertImageCommand,CH.ifa.draw.util.Command,specializes,1
CH.ifa.draw.figures.InsertImageCommand,CH.ifa.draw.util.Iconkit,depends,2
CH.ifa.draw.figures.LineConnection,CH.ifa.draw.figures.ArrowTip,constructs,2
CH.ifa.draw.figures.LineConnection,CH.ifa.draw.figures.PolyLineFigure,depends,8
CH.ifa.draw.figures.LineConnection,CH.ifa.draw.figures.PolyLineFigure,specializes,1
CH.ifa.draw.figures.LineConnection,CH.ifa.draw.figures.PolyLineHandle,constructs,1
CH.ifa.draw.figures.LineConnection,CH.ifa.draw.framework.ConnectionFigure,accepts,1
CH.ifa.draw.figures.LineConnection,CH.ifa.draw.framework.ConnectionFigure,depends,2
CH.ifa.draw.figures.LineConnection,CH.ifa.draw.framework.ConnectionFigure,specializes,1
CH.ifa.draw.figures.LineConnection,CH.ifa.draw.framework.Connector,accepts,2
CH.ifa.draw.figures.LineConnection,CH.ifa.draw.framework.Connector,depends,4
CH.ifa.draw.figures.LineConnection,CH.ifa.draw.framework.Connector,holds,2
CH.ifa.draw.figures.LineConnection,CH.ifa.draw.framework.Connector,returns,2
CH.ifa.draw.figures.LineConnection,CH.ifa.draw.framework.Figure,accepts,6
CH.ifa.draw.figures.LineConnection,CH.ifa.draw.framework.Figure,depends,6
CH.ifa.draw.figures.LineConnection,CH.ifa.draw.framework.Figure,returns,2
CH.ifa.draw.figures.LineConnection,CH.ifa.draw.framework.FigureChangeEvent,accepts,5
CH.ifa.draw.figures.LineConnection,CH.ifa.draw.framework.FigureChangeEvent,constructs,1
CH.ifa.draw.figures.LineConnection,CH.ifa.draw.framework.FigureChangeListener,depends,1
CH.ifa.draw.figures.LineConnection,CH.ifa.draw.standard.AbstractFigure,depends,7
CH.ifa.draw.figures.LineConnection,CH.ifa.draw.standard.ChangeConnectionEndHandle,constructs,1
CH.ifa.draw.figures.LineConnection,CH.ifa.draw.standard.ChangeConnectionStartHandle,constructs,1
CH.ifa.draw.figures.LineConnection,CH.ifa.draw.util.StorableInput,accepts,1
CH.ifa.draw.figures.LineConnection,CH.ifa.draw.util.StorableInput,depends,2
CH.ifa.draw.figures.LineConnection,CH.ifa.draw.util.StorableOutput,accepts,1
CH.ifa.draw.figures.LineConnection,CH.ifa.draw.util.StorableOutput,depends,2
CH.ifa.draw.figures.LineDecoration,CH.ifa.draw.util.Storable,specializes,1
CH.ifa.draw.figures.LineFigure,CH.ifa.draw.figures.PolyLineFigure,depends,8
CH.ifa.draw.figures.LineFigure,CH.ifa.draw.figures.PolyLineFigure,specializes,1
CH.ifa.draw.figures.NumberTextFigure,CH.ifa.draw.figures.TextFigure,depends,3
CH.ifa.draw.figures.NumberTextFigure,CH.ifa.draw.figures.TextFigure,specializes,1
CH.ifa.draw.figures.PolyLineConnector,CH.ifa.draw.figures.PolyLineFigure,depends,5
CH.ifa.draw.figures.PolyLineConnector,CH.ifa.draw.framework.Figure,accepts,2
CH.ifa.draw.figures.PolyLineConnector,CH.ifa.draw.standard.AbstractConnector,depends,1
CH.ifa.draw.figures.PolyLineConnector,CH.ifa.draw.standard.AbstractFigure,depends,1
CH.ifa.draw.figures.PolyLineConnector,CH.ifa.draw.standard.ChopBoxConnector,specializes,1
CH.ifa.draw.figures.PolyLineConnector,CH.ifa.draw.util.Geom,depends,3
CH.ifa.draw.figures.PolyLineFigure,CH.ifa.draw.figures.ArrowTip,constructs,2
CH.ifa.draw.figures.PolyLineFigure,CH.ifa.draw.figures.LineDecoration,accepts,2
CH.ifa.draw.figures.PolyLineFigure,CH.ifa.draw.figures.LineDecoration,depends,2
CH.ifa.draw.figures.PolyLineFigure,CH.ifa.draw.figures.LineDecoration,holds,2
CH.ifa.draw.figures.PolyLineFigure,CH.ifa.draw.figures.PolyLineConnector,constructs,1
CH.ifa.draw.figures.PolyLineFigure,CH.ifa.draw.figures.PolyLineHandle,constructs,1
CH.ifa.draw.figures.PolyLineFigure,CH.ifa.draw.figures.PolyLineLocator,constructs,1
CH.ifa.draw.figures.PolyLineFigure,CH.ifa.draw.framework.Connector,returns,1
CH.ifa.draw.figures.PolyLineFigure,CH.ifa.draw.framework.Locator,returns,1
CH.ifa.draw.figures.PolyLineFigure,CH.ifa.draw.standard.AbstractFigure,depends,14
CH.ifa.draw.figures.PolyLineFigure,CH.ifa.draw.standard.AbstractFigure,specializes,1
CH.ifa.draw.figures.PolyLineFigure,CH.ifa.draw.util.Geom,depends,3
CH.ifa.draw.figures.PolyLineFigure,CH.ifa.draw.util.StorableInput,accepts,1
CH.ifa.draw.figures.PolyLineFigure,CH.ifa.draw.util.StorableInput,depends,6
CH.ifa.draw.figures.PolyLineFigure,CH.ifa.draw.util.StorableOutput,accepts,1
CH.ifa.draw.figures.PolyLineFigure,CH.ifa.draw.util.StorableOutput,depends,6
CH.ifa.draw.figures.PolyLineHandle,CH.ifa.draw.figures.PolyLineFigure,accepts,1
CH.ifa.draw.figures.PolyLineHandle,CH.ifa.draw.figures.PolyLineFigure,depends,1
CH.ifa.draw.figures.PolyLineHandle,CH.ifa.draw.figures.PolyLineFigure,returns,1
CH.ifa.draw.figures.PolyLineHandle,CH.ifa.draw.framework.DrawingView,accepts,2
CH.ifa.draw.figures.PolyLineHandle,CH.ifa.draw.framework.Locator,accepts,1
CH.ifa.draw.figures.PolyLineHandle,CH.ifa.draw.standard.AbstractHandle,depends,1
CH.ifa.draw.figures.PolyLineHandle,CH.ifa.draw.standard.LocatorHandle,specializes,1
CH.ifa.draw.figures.PolyLineLocator,CH.ifa.draw.figures.PolyLineFigure,depends,2
CH.ifa.draw.figures.PolyLineLocator,CH.ifa.draw.framework.Figure,accepts,1
CH.ifa.draw.figures.PolyLineLocator,CH.ifa.draw.standard.AbstractLocator,specializes,1
CH.ifa.draw.figures.RadiusHandle,CH.ifa.draw.figures.RoundRectangleFigure,accepts,1
CH.ifa.draw.figures.RadiusHandle,CH.ifa.draw.figures.RoundRectangleFigure,depends,5
CH.ifa.draw.figures.RadiusHandle,CH.ifa.draw.figures.RoundRectangleFigure,holds,1
CH.ifa.draw.figures.RadiusHandle,CH.ifa.draw.framework.DrawingView,accepts,2
CH.ifa.draw.figures.RadiusHandle,CH.ifa.draw.standard.AbstractHandle,depends,1
CH.ifa.draw.figures.RadiusHandle,CH.ifa.draw.standard.AbstractHandle,specializes,1
CH.ifa.draw.figures.RadiusHandle,CH.ifa.draw.util.Geom,depends,2
CH.ifa.draw.figures.RectangleFigure,CH.ifa.draw.figures.AttributeFigure,depends,2
CH.ifa.draw.figures.RectangleFigure,CH.ifa.draw.figures.AttributeFigure,specializes,1
CH.ifa.draw.figures.RectangleFigure,CH.ifa.draw.standard.BoxHandleKit,depends,1
CH.ifa.draw.figures.RectangleFigure,CH.ifa.draw.util.StorableInput,accepts,1
CH.ifa.draw.figures.RectangleFigure,CH.ifa.draw.util.StorableInput,depends,4
CH.ifa.draw.figures.RectangleFigure,CH.ifa.draw.util.StorableOutput,accepts,1
CH.ifa.draw.figures.RectangleFigure,CH.ifa.draw.util.StorableOutput,depends,4
CH.ifa.draw.figures.RoundRectangleFigure,CH.ifa.draw.figures.AttributeFigure,depends,2
CH.ifa.draw.figures.RoundRectangleFigure,CH.ifa.draw.figures.AttributeFigure,specializes,1
CH.ifa.draw.figures.RoundRectangleFigure,CH.ifa.draw.figures.RadiusHandle,constructs,1
CH.ifa.draw.figures.RoundRectangleFigure,CH.ifa.draw.figures.ShortestDistanceConnector,constructs,1
CH.ifa.draw.figures.RoundRectangleFigure,CH.ifa.draw.framework.Connector,returns,1
CH.ifa.draw.figures.RoundRectangleFigure,CH.ifa.draw.standard.AbstractFigure,depends,2
CH.ifa.draw.figures.RoundRectangleFigure,CH.ifa.draw.standard.BoxHandleKit,depends,1
CH.ifa.draw.figures.RoundRectangleFigure,CH.ifa.draw.util.StorableInput,accepts,1
CH.ifa.draw.figures.RoundRectangleFigure,CH.ifa.draw.util.StorableInput,depends,6
CH.ifa.draw.figures.RoundRectangleFigure,CH.ifa.draw.util.StorableOutput,accepts,1
CH.ifa.draw.figures.RoundRectangleFigure,CH.ifa.draw.util.StorableOutput,depends,6
CH.ifa.draw.figures.ScribbleTool,CH.ifa.draw.figures.PolyLineFigure,constructs,1
CH.ifa.draw.figures.ScribbleTool,CH.ifa.draw.figures.PolyLineFigure,depends,1
CH.ifa.draw.figures.ScribbleTool,CH.ifa.draw.figures.PolyLineFigure,holds,1
CH.ifa.draw.figures.ScribbleTool,CH.ifa.draw.framework.Drawing,depends,1
CH.ifa.draw.figures.ScribbleTool,CH.ifa.draw.framework.DrawingEditor,depends,1
CH.ifa.draw.figures.ScribbleTool,CH.ifa.draw.framework.DrawingView,accepts,1
CH.ifa.draw.figures.ScribbleTool,CH.ifa.draw.framework.DrawingView,depends,1
CH.ifa.draw.figures.ScribbleTool,CH.ifa.draw.standard.AbstractFigure,depends,2
CH.ifa.draw.figures.ScribbleTool,CH.ifa.draw.standard.AbstractTool,depends,5
CH.ifa.draw.figures.ScribbleTool,CH.ifa.draw.standard.AbstractTool,specializes,1
CH.ifa.draw.figures.ShortestDistanceConnector,CH.ifa.draw.framework.ConnectionFigure,accepts,3
CH.ifa.draw.figures.ShortestDistanceConnector,CH.ifa.draw.framework.ConnectionFigure,depends,2
CH.ifa.draw.figures.ShortestDistanceConnector,CH.ifa.draw.framework.Connector,depends,2
CH.ifa.draw.figures.ShortestDistanceConnector,CH.ifa.draw.framework.Figure,accepts,1
CH.ifa.draw.figures.ShortestDistanceConnector,CH.ifa.draw.framework.Figure,depends,4
CH.ifa.draw.figures.ShortestDistanceConnector,CH.ifa.draw.standard.AbstractConnector,specializes,1
CH.ifa.draw.figures.ShortestDistanceConnector,CH.ifa.draw.util.Geom,depends,9
CH.ifa.draw.figures.TextFigure,CH.ifa.draw.figures.AttributeFigure,depends,4
CH.ifa.draw.figures.TextFigure,CH.ifa.draw.figures.AttributeFigure,specializes,1
CH.ifa.draw.figures.TextFigure,CH.ifa.draw.figures.FontSizeHandle,constructs,1
CH.ifa.draw.figures.TextFigure,CH.ifa.draw.framework.Figure,accepts,1
CH.ifa.draw.figures.TextFigure,CH.ifa.draw.framework.Figure,depends,7
CH.ifa.draw.figures.TextFigure,CH.ifa.draw.framework.Figure,holds,1
CH.ifa.draw.figures.TextFigure,CH.ifa.draw.framework.FigureChangeEvent,accepts,5
CH.ifa.draw.figures.TextFigure,CH.ifa.draw.framework.FigureChangeEvent,constructs,1
CH.ifa.draw.figures.TextFigure,CH.ifa.draw.framework.FigureChangeListener,depends,1
CH.ifa.draw.figures.TextFigure,CH.ifa.draw.framework.FigureChangeListener,specializes,1
CH.ifa.draw.figures.TextFigure,CH.ifa.draw.standard.AbstractFigure,depends,10
CH.ifa.draw.figures.TextFigure,CH.ifa.draw.standard.NullHandle,constructs,3
CH.ifa.draw.figures.TextFigure,CH.ifa.draw.standard.OffsetLocator,constructs,1
CH.ifa.draw.figures.TextFigure,CH.ifa.draw.standard.OffsetLocator,depends,2
CH.ifa.draw.figures.TextFigure,CH.ifa.draw.standard.OffsetLocator,holds,1
CH.ifa.draw.figures.TextFigure,CH.ifa.draw.standard.RelativeLocator,depends,4
CH.ifa.draw.figures.TextFigure,CH.ifa.draw.standard.TextHolder,specializes,1
CH.ifa.draw.figures.TextFigure,CH.ifa.draw.util.ColorMap,depends,1
CH.ifa.draw.figures.TextFigure,CH.ifa.draw.util.StorableInput,accepts,1
CH.ifa.draw.figures.TextFigure,CH.ifa.draw.util.StorableInput,depends,9
CH.ifa.draw.figures.TextFigure,CH.ifa.draw.util.StorableOutput,accepts,1
CH.ifa.draw.figures.TextFigure,CH.ifa.draw.util.StorableOutput,depends,9
CH.ifa.draw.figures.TextTool,CH.ifa.draw.framework.Drawing,depends,2
CH.ifa.draw.figures.TextTool,CH.ifa.draw.framework.DrawingEditor,depends,1
CH.ifa.draw.figures.TextTool,CH.ifa.draw.framework.DrawingView,accepts,1
CH.ifa.draw.figures.TextTool,CH.ifa.draw.framework.DrawingView,depends,2
CH.ifa.draw.figures.TextTool,CH.ifa.draw.framework.Figure,accepts,1
CH.ifa.draw.figures.TextTool,CH.ifa.draw.standard.AbstractTool,depends,7
CH.ifa.draw.figures.TextTool,CH.ifa.draw.standard.CreationTool,depends,3
CH.ifa.draw.figures.TextTool,CH.ifa.draw.standard.CreationTool,specializes,1
CH.ifa.draw.figures.TextTool,CH.ifa.draw.standard.TextHolder,accepts,2
CH.ifa.draw.figures.TextTool,CH.ifa.draw.standard.TextHolder,depends,6
CH.ifa.draw.figures.TextTool,CH.ifa.draw.standard.TextHolder,holds,1
CH.ifa.draw.figures.TextTool,CH.ifa.draw.util.FloatingTextField,constructs,1
CH.ifa.draw.figures.TextTool,CH.ifa.draw.util.FloatingTextField,depends,6
CH.ifa.draw.figures.TextTool,CH.ifa.draw.util.FloatingTextField,holds,1
CH.ifa.draw.figures.UngroupCommand,CH.ifa.draw.framework.Drawing,depends,1
CH.ifa.draw.figures.UngroupCommand,CH.ifa.draw.framework.DrawingView,accepts,1
CH.ifa.draw.figures.UngroupCommand,CH.ifa.draw.framework.DrawingView,depends,7
CH.ifa.draw.figures.UngroupCommand,CH.ifa.draw.framework.DrawingView,holds,1
CH.ifa.draw.figures.UngroupCommand,CH.ifa.draw.framework.Figure,depends,1
CH.ifa.draw.figures.UngroupCommand,CH.ifa.draw.framework.FigureEnumeration,depends,2
CH.ifa.draw.figures.UngroupCommand,CH.ifa.draw.util.Command,specializes,1
CH.ifa.draw.framework.ConnectionFigure,CH.ifa.draw.framework.Connector,accepts,2
CH.ifa.draw.framework.ConnectionFigure,CH.ifa.draw.framework.Connector,returns,2
CH.ifa.draw.framework.ConnectionFigure,CH.ifa.draw.framework.Figure,accepts,2
CH.ifa.draw.framework.ConnectionFigure,CH.ifa.draw.framework.Figure,specializes,1
CH.ifa.draw.framework.ConnectionFigure,CH.ifa.draw.framework.FigureChangeListener,specializes,1
CH.ifa.draw.framework.Connector,CH.ifa.draw.framework.ConnectionFigure,accepts,2
CH.ifa.draw.framework.Connector,CH.ifa.draw.framework.Figure,returns,1
CH.ifa.draw.framework.Connector,CH.ifa.draw.util.Storable,specializes,1
CH.ifa.draw.framework.Drawing,CH.ifa.draw.framework.DrawingChangeListener,accepts,2
CH.ifa.draw.framework.Drawing,CH.ifa.draw.framework.Figure,accepts,10
CH.ifa.draw.framework.Drawing,CH.ifa.draw.framework.Figure,returns,9
CH.ifa.draw.framework.Drawing,CH.ifa.draw.framework.FigureChangeEvent,accepts,3
CH.ifa.draw.framework.Drawing,CH.ifa.draw.framework.FigureChangeListener,specializes,1
CH.ifa.draw.framework.Drawing,CH.ifa.draw.framework.FigureEnumeration,returns,2
CH.ifa.draw.framework.Drawing,CH.ifa.draw.util.Storable,specializes,1
CH.ifa.draw.framework.DrawingChangeEvent,CH.ifa.draw.framework.Drawing,accepts,1
CH.ifa.draw.framework.DrawingChangeEvent,CH.ifa.draw.framework.Drawing,returns,1
CH.ifa.draw.framework.DrawingChangeListener,CH.ifa.draw.framework.DrawingChangeEvent,accepts,2
CH.ifa.draw.framework.DrawingEditor,CH.ifa.draw.framework.Drawing,returns,1
CH.ifa.draw.framework.DrawingEditor,CH.ifa.draw.framework.DrawingView,accepts,1
CH.ifa.draw.framework.DrawingEditor,CH.ifa.draw.framework.DrawingView,returns,1
CH.ifa.draw.framework.DrawingEditor,CH.ifa.draw.framework.Tool,returns,1
CH.ifa.draw.framework.DrawingView,CH.ifa.draw.framework.Drawing,accepts,1
CH.ifa.draw.framework.DrawingView,CH.ifa.draw.framework.Drawing,returns,1
CH.ifa.draw.framework.DrawingView,CH.ifa.draw.framework.DrawingChangeListener,specializes,1
CH.ifa.draw.framework.DrawingView,CH.ifa.draw.framework.DrawingEditor,accepts,1
CH.ifa.draw.framework.DrawingView,CH.ifa.draw.framework.DrawingEditor,returns,1
CH.ifa.draw.framework.DrawingView,CH.ifa.draw.framework.Figure,accepts,5
CH.ifa.draw.framework.DrawingView,CH.ifa.draw.framework.Figure,returns,2
CH.ifa.draw.framework.DrawingView,CH.ifa.draw.framework.FigureEnumeration,returns,1
CH.ifa.draw.framework.DrawingView,CH.ifa.draw.framework.FigureSelection,returns,1
CH.ifa.draw.framework.DrawingView,CH.ifa.draw.framework.Handle,returns,1
CH.ifa.draw.framework.DrawingView,CH.ifa.draw.framework.Painter,accepts,1
CH.ifa.draw.framework.DrawingView,CH.ifa.draw.framework.PointConstrainer,accepts,1
CH.ifa.draw.framework.DrawingView,CH.ifa.draw.framework.PointConstrainer,returns,1
CH.ifa.draw.framework.DrawingView,CH.ifa.draw.framework.Tool,returns,1
CH.ifa.draw.framework.Figure,CH.ifa.draw.framework.Connector,returns,1
CH.ifa.draw.framework.Figure,CH.ifa.draw.framework.FigureChangeListener,accepts,4
CH.ifa.draw.framework.Figure,CH.ifa.draw.framework.FigureChangeListener,returns,1
CH.ifa.draw.framework.Figure,CH.ifa.draw.framework.FigureEnumeration,returns,2
CH.ifa.draw.framework.Figure,CH.ifa.draw.framework.Locator,returns,1
CH.ifa.draw.framework.Figure,CH.ifa.draw.util.Storable,specializes,1
CH.ifa.draw.framework.FigureChangeEvent,CH.ifa.draw.framework.Figure,accepts,2
CH.ifa.draw.framework.FigureChangeEvent,CH.ifa.draw.framework.Figure,returns,1
CH.ifa.draw.framework.FigureChangeListener,CH.ifa.draw.framework.FigureChangeEvent,accepts,5
CH.ifa.draw.framework.FigureEnumeration,CH.ifa.draw.framework.Figure,returns,1
CH.ifa.draw.framework.FigureSelection,CH.ifa.draw.util.StorableInput,constructs,1
CH.ifa.draw.framework.FigureSelection,CH.ifa.draw.util.StorableInput,depends,2
CH.ifa.draw.framework.FigureSelection,CH.ifa.draw.util.StorableOutput,constructs,1
CH.ifa.draw.framework.FigureSelection,CH.ifa.draw.util.StorableOutput,depends,3
CH.ifa.draw.framework.Handle,CH.ifa.draw.framework.Drawing,accepts,3
CH.ifa.draw.framework.Handle,CH.ifa.draw.framework.DrawingView,accepts,3
CH.ifa.draw.framework.Handle,CH.ifa.draw.framework.Figure,returns,1
CH.ifa.draw.framework.Locator,CH.ifa.draw.framework.Figure,accepts,1
CH.ifa.draw.framework.Locator,CH.ifa.draw.util.Storable,specializes,1
CH.ifa.draw.framework.Painter,CH.ifa.draw.framework.DrawingView,accepts,1
CH.ifa.draw.samples.javadraw.AnimationDecorator,CH.ifa.draw.framework.Figure,accepts,1
CH.ifa.draw.samples.javadraw.AnimationDecorator,CH.ifa.draw.standard.DecoratorFigure,depends,6
CH.ifa.draw.samples.javadraw.AnimationDecorator,CH.ifa.draw.standard.DecoratorFigure,specializes,1
CH.ifa.draw.samples.javadraw.AnimationDecorator,CH.ifa.draw.util.StorableInput,accepts,1
CH.ifa.draw.samples.javadraw.AnimationDecorator,CH.ifa.draw.util.StorableInput,depends,2
CH.ifa.draw.samples.javadraw.AnimationDecorator,CH.ifa.draw.util.StorableOutput,accepts,1
CH.ifa.draw.samples.javadraw.AnimationDecorator,CH.ifa.draw.util.StorableOutput,depends,2
CH.ifa.draw.samples.javadraw.Animator,CH.ifa.draw.framework.DrawingView,accepts,1
CH.ifa.draw.samples.javadraw.Animator,CH.ifa.draw.framework.DrawingView,depends,3
CH.ifa.draw.samples.javadraw.Animator,CH.ifa.draw.framework.DrawingView,holds,1
CH.ifa.draw.samples.javadraw.Animator,CH.ifa.draw.util.Animatable,accepts,1
CH.ifa.draw.samples.javadraw.Animator,CH.ifa.draw.util.Animatable,depends,1
CH.ifa.draw.samples.javadraw.Animator,CH.ifa.draw.util.Animatable,holds,1
CH.ifa.draw.samples.javadraw.BouncingDrawing,CH.ifa.draw.framework.Figure,accepts,4
CH.ifa.draw.samples.javadraw.BouncingDrawing,CH.ifa.draw.framework.Figure,returns,2
CH.ifa.draw.samples.javadraw.BouncingDrawing,CH.ifa.draw.samples.javadraw.AnimationDecorator,constructs,2
CH.ifa.draw.samples.javadraw.BouncingDrawing,CH.ifa.draw.samples.javadraw.AnimationDecorator,depends,1
CH.ifa.draw.samples.javadraw.BouncingDrawing,CH.ifa.draw.standard.CompositeFigure,depends,3
CH.ifa.draw.samples.javadraw.BouncingDrawing,CH.ifa.draw.standard.DecoratorFigure,depends,1
CH.ifa.draw.samples.javadraw.BouncingDrawing,CH.ifa.draw.standard.StandardDrawing,depends,1
CH.ifa.draw.samples.javadraw.BouncingDrawing,CH.ifa.draw.standard.StandardDrawing,specializes,1
CH.ifa.draw.samples.javadraw.BouncingDrawing,CH.ifa.draw.util.Animatable,specializes,1
CH.ifa.draw.samples.javadraw.FollowURLTool,CH.ifa.draw.framework.Drawing,depends,2
CH.ifa.draw.samples.javadraw.FollowURLTool,CH.ifa.draw.framework.DrawingView,accepts,1
CH.ifa.draw.samples.javadraw.FollowURLTool,CH.ifa.draw.framework.Figure,depends,2
CH.ifa.draw.samples.javadraw.FollowURLTool,CH.ifa.draw.standard.AbstractTool,depends,2
CH.ifa.draw.samples.javadraw.FollowURLTool,CH.ifa.draw.standard.AbstractTool,specializes,1
CH.ifa.draw.samples.javadraw.JavaDrawApp,CH.ifa.draw.application.DrawApplication,depends,35
CH.ifa.draw.samples.javadraw.JavaDrawApp,CH.ifa.draw.application.DrawApplication,specializes,1
CH.ifa.draw.samples.javadraw.JavaDrawApp,CH.ifa.draw.contrib.PolygonTool,constructs,1
CH.ifa.draw.samples.javadraw.JavaDrawApp,CH.ifa.draw.figures.BorderTool,constructs,1
CH.ifa.draw.samples.javadraw.JavaDrawApp,CH.ifa.draw.figures.ConnectedTextTool,constructs,1
CH.ifa.draw.samples.javadraw.JavaDrawApp,CH.ifa.draw.figures.ElbowConnection,constructs,1
CH.ifa.draw.samples.javadraw.JavaDrawApp,CH.ifa.draw.figures.EllipseFigure,constructs,1
CH.ifa.draw.samples.javadraw.JavaDrawApp,CH.ifa.draw.figures.InsertImageCommand,constructs,1
CH.ifa.draw.samples.javadraw.JavaDrawApp,CH.ifa.draw.figures.LineConnection,constructs,1
CH.ifa.draw.samples.javadraw.JavaDrawApp,CH.ifa.draw.figures.LineFigure,constructs,1
CH.ifa.draw.samples.javadraw.JavaDrawApp,CH.ifa.draw.figures.RectangleFigure,constructs,1
CH.ifa.draw.samples.javadraw.JavaDrawApp,CH.ifa.draw.figures.RoundRectangleFigure,constructs,1
CH.ifa.draw.samples.javadraw.JavaDrawApp,CH.ifa.draw.figures.ScribbleTool,constructs,1
CH.ifa.draw.samples.javadraw.JavaDrawApp,CH.ifa.draw.figures.TextFigure,constructs,2
CH.ifa.draw.samples.javadraw.JavaDrawApp,CH.ifa.draw.figures.TextTool,constructs,1
CH.ifa.draw.samples.javadraw.JavaDrawApp,CH.ifa.draw.framework.Drawing,returns,1
CH.ifa.draw.samples.javadraw.JavaDrawApp,CH.ifa.draw.framework.Tool,returns,1
CH.ifa.draw.samples.javadraw.JavaDrawApp,CH.ifa.draw.samples.javadraw.Animator,constructs,1
CH.ifa.draw.samples.javadraw.JavaDrawApp,CH.ifa.draw.samples.javadraw.Animator,depends,2
CH.ifa.draw.samples.javadraw.JavaDrawApp,CH.ifa.draw.samples.javadraw.Animator,holds,1
CH.ifa.draw.samples.javadraw.JavaDrawApp,CH.ifa.draw.samples.javadraw.BouncingDrawing,constructs,1
CH.ifa.draw.samples.javadraw.JavaDrawApp,CH.ifa.draw.samples.javadraw.MySelectionTool,constructs,1
CH.ifa.draw.samples.javadraw.JavaDrawApp,CH.ifa.draw.samples.javadraw.URLTool,constructs,1
CH.ifa.draw.samples.javadraw.JavaDrawApp,CH.ifa.draw.standard.ConnectionTool,constructs,2
CH.ifa.draw.samples.javadraw.JavaDrawApp,CH.ifa.draw.standard.CreationTool,constructs,4
CH.ifa.draw.samples.javadraw.JavaDrawApp,CH.ifa.draw.util.CommandMenu,constructs,1
CH.ifa.draw.samples.javadraw.JavaDrawApp,CH.ifa.draw.util.CommandMenu,depends,1
CH.ifa.draw.samples.javadraw.JavaDrawApplet,CH.ifa.draw.applet.DrawApplet,depends,29
CH.ifa.draw.samples.javadraw.JavaDrawApplet,CH.ifa.draw.applet.DrawApplet,specializes,1
CH.ifa.draw.samples.javadraw.JavaDrawApplet,CH.ifa.draw.contrib.PolygonTool,constructs,1
CH.ifa.draw.samples.javadraw.JavaDrawApplet,CH.ifa.draw.figures.BorderTool,constructs,1
CH.ifa.draw.samples.javadraw.JavaDrawApplet,CH.ifa.draw.figures.ConnectedTextTool,constructs,1
CH.ifa.draw.samples.javadraw.JavaDrawApplet,CH.ifa.draw.figures.ElbowConnection,constructs,1
CH.ifa.draw.samples.javadraw.JavaDrawApplet,CH.ifa.draw.figures.EllipseFigure,constructs,1
CH.ifa.draw.samples.javadraw.JavaDrawApplet,CH.ifa.draw.figures.LineConnection,constructs,1
CH.ifa.draw.samples.javadraw.JavaDrawApplet,CH.ifa.draw.figures.LineFigure,constructs,1
CH.ifa.draw.samples.javadraw.JavaDrawApplet,CH.ifa.draw.figures.RectangleFigure,constructs,1
CH.ifa.draw.samples.javadraw.JavaDrawApplet,CH.ifa.draw.figures.RoundRectangleFigure,constructs,1
CH.ifa.draw.samples.javadraw.JavaDrawApplet,CH.ifa.draw.figures.ScribbleTool,constructs,1
CH.ifa.draw.samples.javadraw.JavaDrawApplet,CH.ifa.draw.figures.TextFigure,constructs,2
CH.ifa.draw.samples.javadraw.JavaDrawApplet,CH.ifa.draw.figures.TextTool,constructs,1
CH.ifa.draw.samples.javadraw.JavaDrawApplet,CH.ifa.draw.framework.Drawing,returns,1
CH.ifa.draw.samples.javadraw.JavaDrawApplet,CH.ifa.draw.samples.javadraw.Animator,constructs,1
CH.ifa.draw.samples.javadraw.JavaDrawApplet,CH.ifa.draw.samples.javadraw.Animator,depends,2
CH.ifa.draw.samples.javadraw.JavaDrawApplet,CH.ifa.draw.samples.javadraw.Animator,holds,1
CH.ifa.draw.samples.javadraw.JavaDrawApplet,CH.ifa.draw.samples.javadraw.BouncingDrawing,constructs,1
CH.ifa.draw.samples.javadraw.JavaDrawApplet,CH.ifa.draw.samples.javadraw.URLTool,constructs,1
CH.ifa.draw.samples.javadraw.JavaDrawApplet,CH.ifa.draw.standard.ConnectionTool,constructs,2
CH.ifa.draw.samples.javadraw.JavaDrawApplet,CH.ifa.draw.standard.CreationTool,constructs,4
CH.ifa.draw.samples.javadraw.JavaDrawViewer,CH.ifa.draw.framework.Drawing,holds,1
CH.ifa.draw.samples.javadraw.JavaDrawViewer,CH.ifa.draw.framework.Drawing,returns,1
CH.ifa.draw.samples.javadraw.JavaDrawViewer,CH.ifa.draw.framework.DrawingEditor,specializes,1
CH.ifa.draw.samples.javadraw.JavaDrawViewer,CH.ifa.draw.framework.DrawingView,accepts,1
CH.ifa.draw.samples.javadraw.JavaDrawViewer,CH.ifa.draw.framework.DrawingView,returns,1
CH.ifa.draw.samples.javadraw.JavaDrawViewer,CH.ifa.draw.framework.Tool,holds,1
CH.ifa.draw.samples.javadraw.JavaDrawViewer,CH.ifa.draw.framework.Tool,returns,1
CH.ifa.draw.samples.javadraw.JavaDrawViewer,CH.ifa.draw.samples.javadraw.FollowURLTool,constructs,1
CH.ifa.draw.samples.javadraw.JavaDrawViewer,CH.ifa.draw.standard.StandardDrawing,constructs,1
CH.ifa.draw.samples.javadraw.JavaDrawViewer,CH.ifa.draw.standard.StandardDrawingView,constructs,1
CH.ifa.draw.samples.javadraw.JavaDrawViewer,CH.ifa.draw.standard.StandardDrawingView,depends,1
CH.ifa.draw.samples.javadraw.JavaDrawViewer,CH.ifa.draw.standard.StandardDrawingView,holds,1
CH.ifa.draw.samples.javadraw.JavaDrawViewer,CH.ifa.draw.util.Iconkit,constructs,1
CH.ifa.draw.samples.javadraw.JavaDrawViewer,CH.ifa.draw.util.Iconkit,holds,1
CH.ifa.draw.samples.javadraw.JavaDrawViewer,CH.ifa.draw.util.StorableInput,constructs,1
CH.ifa.draw.samples.javadraw.JavaDrawViewer,CH.ifa.draw.util.StorableInput,depends,1
CH.ifa.draw.samples.javadraw.MySelectionTool,CH.ifa.draw.framework.Drawing,depends,1
CH.ifa.draw.samples.javadraw.MySelectionTool,CH.ifa.draw.framework.DrawingView,accepts,1
CH.ifa.draw.samples.javadraw.MySelectionTool,CH.ifa.draw.framework.Figure,accepts,1
CH.ifa.draw.samples.javadraw.MySelectionTool,CH.ifa.draw.standard.AbstractTool,depends,1
CH.ifa.draw.samples.javadraw.MySelectionTool,CH.ifa.draw.standard.SelectionTool,depends,1
CH.ifa.draw.samples.javadraw.MySelectionTool,CH.ifa.draw.standard.SelectionTool,specializes,1
CH.ifa.draw.samples.javadraw.PatternPainter,CH.ifa.draw.framework.DrawingView,accepts,2
CH.ifa.draw.samples.javadraw.PatternPainter,CH.ifa.draw.framework.DrawingView,depends,1
CH.ifa.draw.samples.javadraw.PatternPainter,CH.ifa.draw.framework.Painter,specializes,1
CH.ifa.draw.samples.javadraw.URLTool,CH.ifa.draw.framework.Drawing,depends,1
CH.ifa.draw.samples.javadraw.URLTool,CH.ifa.draw.framework.DrawingView,accepts,2
CH.ifa.draw.samples.javadraw.URLTool,CH.ifa.draw.framework.Figure,accepts,4
CH.ifa.draw.samples.javadraw.URLTool,CH.ifa.draw.framework.Figure,depends,3
CH.ifa.draw.samples.javadraw.URLTool,CH.ifa.draw.framework.Figure,holds,1
CH.ifa.draw.samples.javadraw.URLTool,CH.ifa.draw.standard.AbstractTool,depends,3
CH.ifa.draw.samples.javadraw.URLTool,CH.ifa.draw.standard.AbstractTool,specializes,1
CH.ifa.draw.samples.javadraw.URLTool,CH.ifa.draw.util.FloatingTextField,constructs,1
CH.ifa.draw.samples.javadraw.URLTool,CH.ifa.draw.util.FloatingTextField,depends,6
CH.ifa.draw.samples.javadraw.URLTool,CH.ifa.draw.util.FloatingTextField,holds,1
CH.ifa.draw.samples.net.NetApp,CH.ifa.draw.application.DrawApplication,depends,8
CH.ifa.draw.samples.net.NetApp,CH.ifa.draw.application.DrawApplication,specializes,1
CH.ifa.draw.samples.net.NetApp,CH.ifa.draw.figures.LineConnection,constructs,1
CH.ifa.draw.samples.net.NetApp,CH.ifa.draw.figures.TextTool,constructs,1
CH.ifa.draw.samples.net.NetApp,CH.ifa.draw.samples.net.NodeFigure,constructs,2
CH.ifa.draw.samples.net.NetApp,CH.ifa.draw.standard.ConnectionTool,constructs,1
CH.ifa.draw.samples.net.NetApp,CH.ifa.draw.standard.CreationTool,constructs,1
CH.ifa.draw.samples.net.NodeFigure,CH.ifa.draw.figures.AttributeFigure,depends,2
CH.ifa.draw.samples.net.NodeFigure,CH.ifa.draw.figures.LineConnection,constructs,1
CH.ifa.draw.samples.net.NodeFigure,CH.ifa.draw.figures.TextFigure,depends,3
CH.ifa.draw.samples.net.NodeFigure,CH.ifa.draw.figures.TextFigure,specializes,1
CH.ifa.draw.samples.net.NodeFigure,CH.ifa.draw.framework.Connector,depends,2
CH.ifa.draw.samples.net.NodeFigure,CH.ifa.draw.framework.Connector,returns,2
CH.ifa.draw.samples.net.NodeFigure,CH.ifa.draw.standard.AbstractFigure,depends,2
CH.ifa.draw.samples.net.NodeFigure,CH.ifa.draw.standard.ConnectionHandle,constructs,4
CH.ifa.draw.samples.net.NodeFigure,CH.ifa.draw.standard.LocatorConnector,constructs,4
CH.ifa.draw.samples.net.NodeFigure,CH.ifa.draw.standard.NullHandle,constructs,4
CH.ifa.draw.samples.net.NodeFigure,CH.ifa.draw.standard.RelativeLocator,depends,12
CH.ifa.draw.samples.net.NodeFigure,CH.ifa.draw.util.Geom,depends,2
CH.ifa.draw.samples.nothing.NothingApp,CH.ifa.draw.application.DrawApplication,depends,18
CH.ifa.draw.samples.nothing.NothingApp,CH.ifa.draw.application.DrawApplication,specializes,1
CH.ifa.draw.samples.nothing.NothingApp,CH.ifa.draw.contrib.PolygonTool,constructs,1
CH.ifa.draw.samples.nothing.NothingApp,CH.ifa.draw.figures.ElbowConnection,constructs,1
CH.ifa.draw.samples.nothing.NothingApp,CH.ifa.draw.figures.EllipseFigure,constructs,1
CH.ifa.draw.samples.nothing.NothingApp,CH.ifa.draw.figures.LineConnection,constructs,1
CH.ifa.draw.samples.nothing.NothingApp,CH.ifa.draw.figures.LineFigure,constructs,1
CH.ifa.draw.samples.nothing.NothingApp,CH.ifa.draw.figures.RectangleFigure,constructs,1
CH.ifa.draw.samples.nothing.NothingApp,CH.ifa.draw.figures.RoundRectangleFigure,constructs,1
CH.ifa.draw.samples.nothing.NothingApp,CH.ifa.draw.figures.TextFigure,constructs,1
CH.ifa.draw.samples.nothing.NothingApp,CH.ifa.draw.figures.TextTool,constructs,1
CH.ifa.draw.samples.nothing.NothingApp,CH.ifa.draw.standard.ConnectionTool,constructs,2
CH.ifa.draw.samples.nothing.NothingApp,CH.ifa.draw.standard.CreationTool,constructs,4
CH.ifa.draw.samples.nothing.NothingApplet,CH.ifa.draw.applet.DrawApplet,depends,17
CH.ifa.draw.samples.nothing.NothingApplet,CH.ifa.draw.applet.DrawApplet,specializes,1
CH.ifa.draw.samples.nothing.NothingApplet,CH.ifa.draw.contrib.PolygonTool,constructs,1
CH.ifa.draw.samples.nothing.NothingApplet,CH.ifa.draw.figures.ElbowConnection,constructs,1
CH.ifa.draw.samples.nothing.NothingApplet,CH.ifa.draw.figures.EllipseFigure,constructs,1
CH.ifa.draw.samples.nothing.NothingApplet,CH.ifa.draw.figures.LineConnection,constructs,1
CH.ifa.draw.samples.nothing.NothingApplet,CH.ifa.draw.figures.LineFigure,constructs,1
CH.ifa.draw.samples.nothing.NothingApplet,CH.ifa.draw.figures.RectangleFigure,constructs,1
CH.ifa.draw.samples.nothing.NothingApplet,CH.ifa.draw.figures.RoundRectangleFigure,constructs,1
CH.ifa.draw.samples.nothing.NothingApplet,CH.ifa.draw.figures.TextFigure,constructs,1
CH.ifa.draw.samples.nothing.NothingApplet,CH.ifa.draw.figures.TextTool,constructs,1
CH.ifa.draw.samples.nothing.NothingApplet,CH.ifa.draw.standard.ConnectionTool,constructs,2
CH.ifa.draw.samples.nothing.NothingApplet,CH.ifa.draw.standard.CreationTool,constructs,4
CH.ifa.draw.samples.pert.PertApplet,CH.ifa.draw.applet.DrawApplet,depends,9
CH.ifa.draw.samples.pert.PertApplet,CH.ifa.draw.applet.DrawApplet,specializes,1
CH.ifa.draw.samples.pert.PertApplet,CH.ifa.draw.figures.LineFigure,constructs,1
CH.ifa.draw.samples.pert.PertApplet,CH.ifa.draw.figures.TextFigure,constructs,1
CH.ifa.draw.samples.pert.PertApplet,CH.ifa.draw.figures.TextTool,constructs,1
CH.ifa.draw.samples.pert.PertApplet,CH.ifa.draw.samples.pert.PertDependency,constructs,1
CH.ifa.draw.samples.pert.PertApplet,CH.ifa.draw.samples.pert.PertFigureCreationTool,constructs,1
CH.ifa.draw.samples.pert.PertApplet,CH.ifa.draw.standard.ConnectionTool,constructs,1
CH.ifa.draw.samples.pert.PertApplet,CH.ifa.draw.standard.CreationTool,constructs,1
CH.ifa.draw.samples.pert.PertApplication,CH.ifa.draw.application.DrawApplication,depends,10
CH.ifa.draw.samples.pert.PertApplication,CH.ifa.draw.application.DrawApplication,specializes,1
CH.ifa.draw.samples.pert.PertApplication,CH.ifa.draw.figures.LineFigure,constructs,1
CH.ifa.draw.samples.pert.PertApplication,CH.ifa.draw.figures.TextFigure,constructs,1
CH.ifa.draw.samples.pert.PertApplication,CH.ifa.draw.figures.TextTool,constructs,1
CH.ifa.draw.samples.pert.PertApplication,CH.ifa.draw.samples.pert.PertDependency,constructs,1
CH.ifa.draw.samples.pert.PertApplication,CH.ifa.draw.samples.pert.PertFigureCreationTool,constructs,1
CH.ifa.draw.samples.pert.PertApplication,CH.ifa.draw.standard.ConnectionTool,constructs,1
CH.ifa.draw.samples.pert.PertApplication,CH.ifa.draw.standard.CreationTool,constructs,1
CH.ifa.draw.samples.pert.PertDependency,CH.ifa.draw.figures.ArrowTip,constructs,1
CH.ifa.draw.samples.pert.PertDependency,CH.ifa.draw.figures.LineConnection,depends,1
CH.ifa.draw.samples.pert.PertDependency,CH.ifa.draw.figures.LineConnection,specializes,1
CH.ifa.draw.samples.pert.PertDependency,CH.ifa.draw.figures.PolyLineFigure,depends,4
CH.ifa.draw.samples.pert.PertDependency,CH.ifa.draw.framework.Figure,accepts,6
CH.ifa.draw.samples.pert.PertDependency,CH.ifa.draw.samples.pert.PertFigure,depends,7
CH.ifa.draw.samples.pert.PertDependency,CH.ifa.draw.standard.NullHandle,constructs,1
CH.ifa.draw.samples.pert.PertFigure,CH.ifa.draw.figures.NumberTextFigure,constructs,2
CH.ifa.draw.samples.pert.PertFigure,CH.ifa.draw.figures.NumberTextFigure,depends,4
CH.ifa.draw.samples.pert.PertFigure,CH.ifa.draw.figures.TextFigure,constructs,1
CH.ifa.draw.samples.pert.PertFigure,CH.ifa.draw.figures.TextFigure,depends,6
CH.ifa.draw.samples.pert.PertFigure,CH.ifa.draw.framework.Figure,accepts,1
CH.ifa.draw.samples.pert.PertFigure,CH.ifa.draw.framework.Figure,depends,4
CH.ifa.draw.samples.pert.PertFigure,CH.ifa.draw.framework.FigureChangeEvent,accepts,3
CH.ifa.draw.samples.pert.PertFigure,CH.ifa.draw.framework.FigureChangeEvent,depends,1
CH.ifa.draw.samples.pert.PertFigure,CH.ifa.draw.framework.FigureEnumeration,depends,2
CH.ifa.draw.samples.pert.PertFigure,CH.ifa.draw.samples.pert.PertDependency,constructs,1
CH.ifa.draw.samples.pert.PertFigure,CH.ifa.draw.standard.AbstractFigure,depends,1
CH.ifa.draw.samples.pert.PertFigure,CH.ifa.draw.standard.CompositeFigure,depends,15
CH.ifa.draw.samples.pert.PertFigure,CH.ifa.draw.standard.CompositeFigure,specializes,1
CH.ifa.draw.samples.pert.PertFigure,CH.ifa.draw.standard.ConnectionHandle,constructs,1
CH.ifa.draw.samples.pert.PertFigure,CH.ifa.draw.standard.NullHandle,constructs,4
CH.ifa.draw.samples.pert.PertFigure,CH.ifa.draw.standard.RelativeLocator,depends,5
CH.ifa.draw.samples.pert.PertFigure,CH.ifa.draw.util.StorableInput,accepts,2
CH.ifa.draw.samples.pert.PertFigure,CH.ifa.draw.util.StorableInput,depends,6
CH.ifa.draw.samples.pert.PertFigure,CH.ifa.draw.util.StorableOutput,accepts,2
CH.ifa.draw.samples.pert.PertFigure,CH.ifa.draw.util.StorableOutput,depends,6
CH.ifa.draw.samples.pert.PertFigureCreationTool,CH.ifa.draw.framework.DrawingView,accepts,1
CH.ifa.draw.samples.pert.PertFigureCreationTool,CH.ifa.draw.framework.Figure,returns,1
CH.ifa.draw.samples.pert.PertFigureCreationTool,CH.ifa.draw.samples.pert.PertFigure,constructs,1
CH.ifa.draw.samples.pert.PertFigureCreationTool,CH.ifa.draw.standard.CreationTool,specializes,1
CH.ifa.draw.standard.AbstractConnector,CH.ifa.draw.framework.ConnectionFigure,accepts,3
CH.ifa.draw.standard.AbstractConnector,CH.ifa.draw.framework.Connector,specializes,1
CH.ifa.draw.standard.AbstractConnector,CH.ifa.draw.framework.Figure,accepts,1
CH.ifa.draw.standard.AbstractConnector,CH.ifa.draw.framework.Figure,depends,2
CH.ifa.draw.standard.AbstractConnector,CH.ifa.draw.framework.Figure,holds,1
CH.ifa.draw.standard.AbstractConnector,CH.ifa.draw.framework.Figure,returns,1
CH.ifa.draw.standard.AbstractConnector,CH.ifa.draw.util.Geom,depends,1
CH.ifa.draw.standard.AbstractConnector,CH.ifa.draw.util.StorableInput,accepts,1
CH.ifa.draw.standard.AbstractConnector,CH.ifa.draw.util.StorableInput,depends,1
CH.ifa.draw.standard.AbstractConnector,CH.ifa.draw.util.StorableOutput,accepts,1
CH.ifa.draw.standard.AbstractConnector,CH.ifa.draw.util.StorableOutput,depends,1
CH.ifa.draw.standard.AbstractFigure,CH.ifa.draw.framework.Connector,returns,1
CH.ifa.draw.standard.AbstractFigure,CH.ifa.draw.framework.Figure,accepts,2
CH.ifa.draw.standard.AbstractFigure,CH.ifa.draw.framework.Figure,returns,1
CH.ifa.draw.standard.AbstractFigure,CH.ifa.draw.framework.Figure,specializes,1
CH.ifa.draw.standard.AbstractFigure,CH.ifa.draw.framework.FigureChangeEvent,constructs,3
CH.ifa.draw.standard.AbstractFigure,CH.ifa.draw.framework.FigureChangeListener,accepts,4
CH.ifa.draw.standard.AbstractFigure,CH.ifa.draw.framework.FigureChangeListener,depends,3
CH.ifa.draw.standard.AbstractFigure,CH.ifa.draw.framework.FigureChangeListener,holds,1
CH.ifa.draw.standard.AbstractFigure,CH.ifa.draw.framework.FigureChangeListener,returns,1
CH.ifa.draw.standard.AbstractFigure,CH.ifa.draw.framework.FigureEnumeration,returns,2
CH.ifa.draw.standard.AbstractFigure,CH.ifa.draw.framework.Locator,returns,1
CH.ifa.draw.standard.AbstractFigure,CH.ifa.draw.standard.ChopBoxConnector,constructs,1
CH.ifa.draw.standard.AbstractFigure,CH.ifa.draw.standard.FigureChangeEventMulticaster,depends,2
CH.ifa.draw.standard.AbstractFigure,CH.ifa.draw.standard.FigureEnumerator,constructs,2
CH.ifa.draw.standard.AbstractFigure,CH.ifa.draw.standard.RelativeLocator,depends,1
CH.ifa.draw.standard.AbstractFigure,CH.ifa.draw.util.Geom,depends,1
CH.ifa.draw.standard.AbstractFigure,CH.ifa.draw.util.StorableInput,accepts,1
CH.ifa.draw.standard.AbstractFigure,CH.ifa.draw.util.StorableOutput,accepts,1
CH.ifa.draw.standard.AbstractHandle,CH.ifa.draw.framework.Drawing,accepts,3
CH.ifa.draw.standard.AbstractHandle,CH.ifa.draw.framework.DrawingView,accepts,3
CH.ifa.draw.standard.AbstractHandle,CH.ifa.draw.framework.DrawingView,depends,3
CH.ifa.draw.standard.AbstractHandle,CH.ifa.draw.framework.Figure,accepts,1
CH.ifa.draw.standard.AbstractHandle,CH.ifa.draw.framework.Figure,holds,1
CH.ifa.draw.standard.AbstractHandle,CH.ifa.draw.framework.Figure,returns,1
CH.ifa.draw.standard.AbstractHandle,CH.ifa.draw.framework.Handle,specializes,1
CH.ifa.draw.standard.AbstractLocator,CH.ifa.draw.framework.Locator,specializes,1
CH.ifa.draw.standard.AbstractLocator,CH.ifa.draw.util.Storable,specializes,1
CH.ifa.draw.standard.AbstractLocator,CH.ifa.draw.util.StorableInput,accepts,1
CH.ifa.draw.standard.AbstractLocator,CH.ifa.draw.util.StorableOutput,accepts,1
CH.ifa.draw.standard.AbstractTool,CH.ifa.draw.framework.Drawing,returns,1
CH.ifa.draw.standard.AbstractTool,CH.ifa.draw.framework.DrawingEditor,returns,1
CH.ifa.draw.standard.AbstractTool,CH.ifa.draw.framework.DrawingView,accepts,1
CH.ifa.draw.standard.AbstractTool,CH.ifa.draw.framework.DrawingView,depends,4
CH.ifa.draw.standard.AbstractTool,CH.ifa.draw.framework.DrawingView,holds,1
CH.ifa.draw.standard.AbstractTool,CH.ifa.draw.framework.DrawingView,returns,1
CH.ifa.draw.standard.AbstractTool,CH.ifa.draw.framework.Tool,specializes,1
CH.ifa.draw.standard.ActionTool,CH.ifa.draw.framework.Drawing,depends,1
CH.ifa.draw.standard.ActionTool,CH.ifa.draw.framework.DrawingEditor,depends,1
CH.ifa.draw.standard.ActionTool,CH.ifa.draw.framework.DrawingView,accepts,1
CH.ifa.draw.standard.ActionTool,CH.ifa.draw.framework.DrawingView,depends,1
CH.ifa.draw.standard.ActionTool,CH.ifa.draw.framework.Figure,accepts,1
CH.ifa.draw.standard.ActionTool,CH.ifa.draw.standard.AbstractTool,depends,3
CH.ifa.draw.standard.ActionTool,CH.ifa.draw.standard.AbstractTool,specializes,1
CH.ifa.draw.standard.AlignCommand,CH.ifa.draw.framework.DrawingView,accepts,1
CH.ifa.draw.standard.AlignCommand,CH.ifa.draw.framework.DrawingView,depends,3
CH.ifa.draw.standard.AlignCommand,CH.ifa.draw.framework.DrawingView,holds,1
CH.ifa.draw.standard.AlignCommand,CH.ifa.draw.framework.Figure,depends,8
CH.ifa.draw.standard.AlignCommand,CH.ifa.draw.framework.FigureEnumeration,depends,2
CH.ifa.draw.standard.AlignCommand,CH.ifa.draw.util.Command,specializes,1
CH.ifa.draw.standard.BoxHandleKit,CH.ifa.draw.framework.Figure,accepts,10
CH.ifa.draw.standard.BoxHandleKit,CH.ifa.draw.framework.Handle,returns,8
CH.ifa.draw.standard.BoxHandleKit,CH.ifa.draw.standard.EastHandle,constructs,1
CH.ifa.draw.standard.BoxHandleKit,CH.ifa.draw.standard.NorthEastHandle,constructs,1
CH.ifa.draw.standard.BoxHandleKit,CH.ifa.draw.standard.NorthHandle,constructs,1
CH.ifa.draw.standard.BoxHandleKit,CH.ifa.draw.standard.NorthWestHandle,constructs,1
CH.ifa.draw.standard.BoxHandleKit,CH.ifa.draw.standard.SouthEastHandle,constructs,1
CH.ifa.draw.standard.BoxHandleKit,CH.ifa.draw.standard.SouthHandle,constructs,1
CH.ifa.draw.standard.BoxHandleKit,CH.ifa.draw.standard.SouthWestHandle,constructs,1
CH.ifa.draw.standard.BoxHandleKit,CH.ifa.draw.standard.WestHandle,constructs,1
CH.ifa.draw.standard.BringToFrontCommand,CH.ifa.draw.framework.Drawing,depends,1
CH.ifa.draw.standard.BringToFrontCommand,CH.ifa.draw.framework.DrawingView,accepts,1
CH.ifa.draw.standard.BringToFrontCommand,CH.ifa.draw.framework.DrawingView,depends,4
CH.ifa.draw.standard.BringToFrontCommand,CH.ifa.draw.framework.DrawingView,holds,1
CH.ifa.draw.standard.BringToFrontCommand,CH.ifa.draw.framework.FigureEnumeration,depends,1
CH.ifa.draw.standard.BringToFrontCommand,CH.ifa.draw.standard.FigureEnumerator,constructs,1
CH.ifa.draw.standard.BringToFrontCommand,CH.ifa.draw.util.Command,specializes,1
CH.ifa.draw.standard.BufferedUpdateStrategy,CH.ifa.draw.framework.DrawingView,accepts,1
CH.ifa.draw.standard.BufferedUpdateStrategy,CH.ifa.draw.framework.DrawingView,depends,3
CH.ifa.draw.standard.BufferedUpdateStrategy,CH.ifa.draw.framework.Painter,specializes,1
CH.ifa.draw.standard.ChangeAttributeCommand,CH.ifa.draw.framework.DrawingView,accepts,1
CH.ifa.draw.standard.ChangeAttributeCommand,CH.ifa.draw.framework.DrawingView,depends,3
CH.ifa.draw.standard.ChangeAttributeCommand,CH.ifa.draw.framework.DrawingView,holds,1
CH.ifa.draw.standard.ChangeAttributeCommand,CH.ifa.draw.framework.Figure,depends,1
CH.ifa.draw.standard.ChangeAttributeCommand,CH.ifa.draw.framework.FigureEnumeration,depends,1
CH.ifa.draw.standard.ChangeAttributeCommand,CH.ifa.draw.util.Command,specializes,1
CH.ifa.draw.standard.ChangeConnectionEndHandle,CH.ifa.draw.framework.ConnectionFigure,depends,5
CH.ifa.draw.standard.ChangeConnectionEndHandle,CH.ifa.draw.framework.Connector,accepts,1
CH.ifa.draw.standard.ChangeConnectionEndHandle,CH.ifa.draw.framework.Connector,returns,1
CH.ifa.draw.standard.ChangeConnectionEndHandle,CH.ifa.draw.framework.Figure,accepts,1
CH.ifa.draw.standard.ChangeConnectionEndHandle,CH.ifa.draw.standard.ChangeConnectionHandle,specializes,1
CH.ifa.draw.standard.ChangeConnectionHandle,CH.ifa.draw.framework.ConnectionFigure,depends,5
CH.ifa.draw.standard.ChangeConnectionHandle,CH.ifa.draw.framework.ConnectionFigure,holds,1
CH.ifa.draw.standard.ChangeConnectionHandle,CH.ifa.draw.framework.Connector,accepts,1
CH.ifa.draw.standard.ChangeConnectionHandle,CH.ifa.draw.framework.Connector,depends,2
CH.ifa.draw.standard.ChangeConnectionHandle,CH.ifa.draw.framework.Connector,holds,1
CH.ifa.draw.standard.ChangeConnectionHandle,CH.ifa.draw.framework.Connector,returns,4
CH.ifa.draw.standard.ChangeConnectionHandle,CH.ifa.draw.framework.Drawing,accepts,2
CH.ifa.draw.standard.ChangeConnectionHandle,CH.ifa.draw.framework.Drawing,depends,1
CH.ifa.draw.standard.ChangeConnectionHandle,CH.ifa.draw.framework.DrawingView,accepts,3
CH.ifa.draw.standard.ChangeConnectionHandle,CH.ifa.draw.framework.DrawingView,depends,3
CH.ifa.draw.standard.ChangeConnectionHandle,CH.ifa.draw.framework.Figure,accepts,2
CH.ifa.draw.standard.ChangeConnectionHandle,CH.ifa.draw.framework.Figure,depends,9
CH.ifa.draw.standard.ChangeConnectionHandle,CH.ifa.draw.framework.Figure,holds,1
CH.ifa.draw.standard.ChangeConnectionHandle,CH.ifa.draw.framework.Figure,returns,1
CH.ifa.draw.standard.ChangeConnectionHandle,CH.ifa.draw.framework.FigureEnumeration,depends,1
CH.ifa.draw.standard.ChangeConnectionHandle,CH.ifa.draw.standard.AbstractHandle,depends,3
CH.ifa.draw.standard.ChangeConnectionHandle,CH.ifa.draw.standard.AbstractHandle,specializes,1
CH.ifa.draw.standard.ChangeConnectionHandle,CH.ifa.draw.util.Geom,depends,1
CH.ifa.draw.standard.ChangeConnectionStartHandle,CH.ifa.draw.framework.ConnectionFigure,depends,5
CH.ifa.draw.standard.ChangeConnectionStartHandle,CH.ifa.draw.framework.Connector,accepts,1
CH.ifa.draw.standard.ChangeConnectionStartHandle,CH.ifa.draw.framework.Connector,returns,1
CH.ifa.draw.standard.ChangeConnectionStartHandle,CH.ifa.draw.framework.Figure,accepts,1
CH.ifa.draw.standard.ChangeConnectionStartHandle,CH.ifa.draw.standard.ChangeConnectionHandle,specializes,1
CH.ifa.draw.standard.ChopBoxConnector,CH.ifa.draw.framework.ConnectionFigure,accepts,2
CH.ifa.draw.standard.ChopBoxConnector,CH.ifa.draw.framework.ConnectionFigure,depends,9
CH.ifa.draw.standard.ChopBoxConnector,CH.ifa.draw.framework.Connector,depends,4
CH.ifa.draw.standard.ChopBoxConnector,CH.ifa.draw.framework.Figure,accepts,2
CH.ifa.draw.standard.ChopBoxConnector,CH.ifa.draw.framework.Figure,depends,1
CH.ifa.draw.standard.ChopBoxConnector,CH.ifa.draw.standard.AbstractConnector,specializes,1
CH.ifa.draw.standard.ChopBoxConnector,CH.ifa.draw.util.Geom,depends,2
CH.ifa.draw.standard.CompositeFigure,CH.ifa.draw.framework.Figure,accepts,11
CH.ifa.draw.standard.CompositeFigure,CH.ifa.draw.framework.Figure,depends,20
CH.ifa.draw.standard.CompositeFigure,CH.ifa.draw.framework.Figure,returns,10
CH.ifa.draw.standard.CompositeFigure,CH.ifa.draw.framework.FigureChangeEvent,accepts,5
CH.ifa.draw.standard.CompositeFigure,CH.ifa.draw.framework.FigureChangeEvent,constructs,1
CH.ifa.draw.standard.CompositeFigure,CH.ifa.draw.framework.FigureChangeListener,depends,3
CH.ifa.draw.standard.CompositeFigure,CH.ifa.draw.framework.FigureChangeListener,specializes,1
CH.ifa.draw.standard.CompositeFigure,CH.ifa.draw.framework.FigureEnumeration,depends,12
CH.ifa.draw.standard.CompositeFigure,CH.ifa.draw.framework.FigureEnumeration,returns,2
CH.ifa.draw.standard.CompositeFigure,CH.ifa.draw.standard.AbstractFigure,depends,10
CH.ifa.draw.standard.CompositeFigure,CH.ifa.draw.standard.AbstractFigure,specializes,1
CH.ifa.draw.standard.CompositeFigure,CH.ifa.draw.standard.FigureEnumerator,constructs,1
CH.ifa.draw.standard.CompositeFigure,CH.ifa.draw.standard.ReverseFigureEnumerator,constructs,1
CH.ifa.draw.standard.CompositeFigure,CH.ifa.draw.util.StorableInput,accepts,1
CH.ifa.draw.standard.CompositeFigure,CH.ifa.draw.util.StorableInput,depends,2
CH.ifa.draw.standard.CompositeFigure,CH.ifa.draw.util.StorableOutput,accepts,1
CH.ifa.draw.standard.CompositeFigure,CH.ifa.draw.util.StorableOutput,depends,2
CH.ifa.draw.standard.ConnectionHandle,CH.ifa.draw.framework.ConnectionFigure,accepts,1
CH.ifa.draw.standard.ConnectionHandle,CH.ifa.draw.framework.ConnectionFigure,depends,7
CH.ifa.draw.standard.ConnectionHandle,CH.ifa.draw.framework.ConnectionFigure,holds,2
CH.ifa.draw.standard.ConnectionHandle,CH.ifa.draw.framework.ConnectionFigure,returns,1
CH.ifa.draw.standard.ConnectionHandle,CH.ifa.draw.framework.Connector,depends,1
CH.ifa.draw.standard.ConnectionHandle,CH.ifa.draw.framework.Connector,returns,3
CH.ifa.draw.standard.ConnectionHandle,CH.ifa.draw.framework.Drawing,accepts,2
CH.ifa.draw.standard.ConnectionHandle,CH.ifa.draw.framework.Drawing,depends,3
CH.ifa.draw.standard.ConnectionHandle,CH.ifa.draw.framework.DrawingView,accepts,3
CH.ifa.draw.standard.ConnectionHandle,CH.ifa.draw.framework.DrawingView,depends,5
CH.ifa.draw.standard.ConnectionHandle,CH.ifa.draw.framework.Figure,accepts,2
CH.ifa.draw.standard.ConnectionHandle,CH.ifa.draw.framework.Figure,depends,11
CH.ifa.draw.standard.ConnectionHandle,CH.ifa.draw.framework.Figure,holds,1
CH.ifa.draw.standard.ConnectionHandle,CH.ifa.draw.framework.Figure,returns,1
CH.ifa.draw.standard.ConnectionHandle,CH.ifa.draw.framework.FigureEnumeration,depends,1
CH.ifa.draw.standard.ConnectionHandle,CH.ifa.draw.framework.Locator,accepts,1
CH.ifa.draw.standard.ConnectionHandle,CH.ifa.draw.standard.AbstractHandle,depends,4
CH.ifa.draw.standard.ConnectionHandle,CH.ifa.draw.standard.LocatorHandle,depends,2
CH.ifa.draw.standard.ConnectionHandle,CH.ifa.draw.standard.LocatorHandle,specializes,1
CH.ifa.draw.standard.ConnectionHandle,CH.ifa.draw.util.Geom,depends,1
CH.ifa.draw.standard.ConnectionTool,CH.ifa.draw.framework.ConnectionFigure,accepts,1
CH.ifa.draw.standard.ConnectionTool,CH.ifa.draw.framework.ConnectionFigure,depends,10
CH.ifa.draw.standard.ConnectionTool,CH.ifa.draw.framework.ConnectionFigure,holds,3
CH.ifa.draw.standard.ConnectionTool,CH.ifa.draw.framework.ConnectionFigure,returns,3
CH.ifa.draw.standard.ConnectionTool,CH.ifa.draw.framework.Connector,depends,2
CH.ifa.draw.standard.ConnectionTool,CH.ifa.draw.framework.Connector,holds,3
CH.ifa.draw.standard.ConnectionTool,CH.ifa.draw.framework.Connector,returns,4
CH.ifa.draw.standard.ConnectionTool,CH.ifa.draw.framework.Drawing,accepts,5
CH.ifa.draw.standard.ConnectionTool,CH.ifa.draw.framework.Drawing,depends,2
CH.ifa.draw.standard.ConnectionTool,CH.ifa.draw.framework.DrawingEditor,depends,1
CH.ifa.draw.standard.ConnectionTool,CH.ifa.draw.framework.DrawingView,accepts,1
CH.ifa.draw.standard.ConnectionTool,CH.ifa.draw.framework.DrawingView,depends,3
CH.ifa.draw.standard.ConnectionTool,CH.ifa.draw.framework.Figure,accepts,1
CH.ifa.draw.standard.ConnectionTool,CH.ifa.draw.framework.Figure,depends,12
CH.ifa.draw.standard.ConnectionTool,CH.ifa.draw.framework.Figure,holds,1
CH.ifa.draw.standard.ConnectionTool,CH.ifa.draw.framework.Figure,returns,4
CH.ifa.draw.standard.ConnectionTool,CH.ifa.draw.framework.FigureEnumeration,depends,1
CH.ifa.draw.standard.ConnectionTool,CH.ifa.draw.standard.AbstractTool,depends,10
CH.ifa.draw.standard.ConnectionTool,CH.ifa.draw.standard.AbstractTool,specializes,1
CH.ifa.draw.standard.ConnectionTool,CH.ifa.draw.util.Geom,depends,1
CH.ifa.draw.standard.CopyCommand,CH.ifa.draw.framework.DrawingView,accepts,1
CH.ifa.draw.standard.CopyCommand,CH.ifa.draw.framework.DrawingView,depends,1
CH.ifa.draw.standard.CopyCommand,CH.ifa.draw.standard.FigureTransferCommand,depends,1
CH.ifa.draw.standard.CopyCommand,CH.ifa.draw.standard.FigureTransferCommand,specializes,1
CH.ifa.draw.standard.CreationTool,CH.ifa.draw.framework.Drawing,depends,1
CH.ifa.draw.standard.CreationTool,CH.ifa.draw.framework.DrawingEditor,depends,1
CH.ifa.draw.standard.CreationTool,CH.ifa.draw.framework.DrawingView,accepts,2
CH.ifa.draw.standard.CreationTool,CH.ifa.draw.framework.DrawingView,depends,2
CH.ifa.draw.standard.CreationTool,CH.ifa.draw.framework.Figure,accepts,1
CH.ifa.draw.standard.CreationTool,CH.ifa.draw.framework.Figure,depends,4
CH.ifa.draw.standard.CreationTool,CH.ifa.draw.framework.Figure,holds,2
CH.ifa.draw.standard.CreationTool,CH.ifa.draw.framework.Figure,returns,2
CH.ifa.draw.standard.CreationTool,CH.ifa.draw.framework.HJDError,constructs,1
CH.ifa.draw.standard.CreationTool,CH.ifa.draw.standard.AbstractTool,depends,4
CH.ifa.draw.standard.CreationTool,CH.ifa.draw.standard.AbstractTool,specializes,1
CH.ifa.draw.standard.CutCommand,CH.ifa.draw.framework.DrawingView,accepts,1
CH.ifa.draw.standard.CutCommand,CH.ifa.draw.framework.DrawingView,depends,2
CH.ifa.draw.standard.CutCommand,CH.ifa.draw.standard.FigureTransferCommand,depends,2
CH.ifa.draw.standard.CutCommand,CH.ifa.draw.standard.FigureTransferCommand,specializes,1
CH.ifa.draw.standard.DecoratorFigure,CH.ifa.draw.framework.Connector,returns,1
CH.ifa.draw.standard.DecoratorFigure,CH.ifa.draw.framework.Figure,accepts,4
CH.ifa.draw.standard.DecoratorFigure,CH.ifa.draw.framework.Figure,depends,22
CH.ifa.draw.standard.DecoratorFigure,CH.ifa.draw.framework.Figure,holds,1
CH.ifa.draw.standard.DecoratorFigure,CH.ifa.draw.framework.Figure,returns,2
CH.ifa.draw.standard.DecoratorFigure,CH.ifa.draw.framework.FigureChangeEvent,accepts,5
CH.ifa.draw.standard.DecoratorFigure,CH.ifa.draw.framework.FigureChangeEvent,constructs,1
CH.ifa.draw.standard.DecoratorFigure,CH.ifa.draw.framework.FigureChangeListener,depends,3
CH.ifa.draw.standard.DecoratorFigure,CH.ifa.draw.framework.FigureChangeListener,specializes,1
CH.ifa.draw.standard.DecoratorFigure,CH.ifa.draw.framework.FigureEnumeration,returns,2
CH.ifa.draw.standard.DecoratorFigure,CH.ifa.draw.framework.Locator,returns,1
CH.ifa.draw.standard.DecoratorFigure,CH.ifa.draw.standard.AbstractFigure,depends,10
CH.ifa.draw.standard.DecoratorFigure,CH.ifa.draw.standard.AbstractFigure,specializes,1
CH.ifa.draw.standard.DecoratorFigure,CH.ifa.draw.util.StorableInput,accepts,1
CH.ifa.draw.standard.DecoratorFigure,CH.ifa.draw.util.StorableInput,depends,1
CH.ifa.draw.standard.DecoratorFigure,CH.ifa.draw.util.StorableOutput,accepts,1
CH.ifa.draw.standard.DecoratorFigure,CH.ifa.draw.util.StorableOutput,depends,1
CH.ifa.draw.standard.DeleteCommand,CH.ifa.draw.framework.DrawingView,accepts,1
CH.ifa.draw.standard.DeleteCommand,CH.ifa.draw.framework.DrawingView,depends,2
CH.ifa.draw.standard.DeleteCommand,CH.ifa.draw.standard.FigureTransferCommand,depends,1
CH.ifa.draw.standard.DeleteCommand,CH.ifa.draw.standard.FigureTransferCommand,specializes,1
CH.ifa.draw.standard.DragTracker,CH.ifa.draw.framework.DrawingView,accepts,1
CH.ifa.draw.standard.DragTracker,CH.ifa.draw.framework.DrawingView,depends,5
CH.ifa.draw.standard.DragTracker,CH.ifa.draw.framework.Figure,accepts,1
CH.ifa.draw.standard.DragTracker,CH.ifa.draw.framework.Figure,depends,1
CH.ifa.draw.standard.DragTracker,CH.ifa.draw.framework.Figure,holds,1
CH.ifa.draw.standard.DragTracker,CH.ifa.draw.framework.FigureEnumeration,depends,1
CH.ifa.draw.standard.DragTracker,CH.ifa.draw.standard.AbstractTool,depends,7
CH.ifa.draw.standard.DragTracker,CH.ifa.draw.standard.AbstractTool,specializes,1
CH.ifa.draw.standard.DuplicateCommand,CH.ifa.draw.framework.DrawingView,accepts,1
CH.ifa.draw.standard.DuplicateCommand,CH.ifa.draw.framework.DrawingView,depends,4
CH.ifa.draw.standard.DuplicateCommand,CH.ifa.draw.framework.FigureSelection,depends,1
CH.ifa.draw.standard.DuplicateCommand,CH.ifa.draw.standard.FigureTransferCommand,depends,1
CH.ifa.draw.standard.DuplicateCommand,CH.ifa.draw.standard.FigureTransferCommand,specializes,1
CH.ifa.draw.standard.EastHandle,CH.ifa.draw.framework.DrawingView,accepts,1
CH.ifa.draw.standard.EastHandle,CH.ifa.draw.framework.Figure,accepts,1
CH.ifa.draw.standard.EastHandle,CH.ifa.draw.framework.Figure,depends,2
CH.ifa.draw.standard.EastHandle,CH.ifa.draw.standard.AbstractHandle,depends,2
CH.ifa.draw.standard.EastHandle,CH.ifa.draw.standard.LocatorHandle,specializes,1
CH.ifa.draw.standard.EastHandle,CH.ifa.draw.standard.RelativeLocator,depends,1
CH.ifa.draw.standard.FigureChangeEventMulticaster,CH.ifa.draw.framework.FigureChangeEvent,accepts,5
CH.ifa.draw.standard.FigureChangeEventMulticaster,CH.ifa.draw.framework.FigureChangeListener,accepts,6
CH.ifa.draw.standard.FigureChangeEventMulticaster,CH.ifa.draw.framework.FigureChangeListener,depends,10
CH.ifa.draw.standard.FigureChangeEventMulticaster,CH.ifa.draw.framework.FigureChangeListener,returns,2
CH.ifa.draw.standard.FigureChangeEventMulticaster,CH.ifa.draw.framework.FigureChangeListener,specializes,1
CH.ifa.draw.standard.FigureEnumerator,CH.ifa.draw.framework.Figure,returns,1
CH.ifa.draw.standard.FigureEnumerator,CH.ifa.draw.framework.FigureEnumeration,specializes,1
CH.ifa.draw.standard.FigureTransferCommand,CH.ifa.draw.framework.Drawing,depends,1
CH.ifa.draw.standard.FigureTransferCommand,CH.ifa.draw.framework.DrawingView,accepts,1
CH.ifa.draw.standard.FigureTransferCommand,CH.ifa.draw.framework.DrawingView,depends,6
CH.ifa.draw.standard.FigureTransferCommand,CH.ifa.draw.framework.DrawingView,holds,1
CH.ifa.draw.standard.FigureTransferCommand,CH.ifa.draw.framework.Figure,depends,1
CH.ifa.draw.standard.FigureTransferCommand,CH.ifa.draw.framework.FigureEnumeration,depends,1
CH.ifa.draw.standard.FigureTransferCommand,CH.ifa.draw.standard.FigureEnumerator,constructs,1
CH.ifa.draw.standard.FigureTransferCommand,CH.ifa.draw.util.Clipboard,depends,2
CH.ifa.draw.standard.FigureTransferCommand,CH.ifa.draw.util.Command,specializes,1
CH.ifa.draw.standard.GridConstrainer,CH.ifa.draw.framework.PointConstrainer,specializes,1
CH.ifa.draw.standard.HandleTracker,CH.ifa.draw.framework.DrawingView,accepts,1
CH.ifa.draw.standard.HandleTracker,CH.ifa.draw.framework.Handle,accepts,1
CH.ifa.draw.standard.HandleTracker,CH.ifa.draw.framework.Handle,depends,3
CH.ifa.draw.standard.HandleTracker,CH.ifa.draw.framework.Handle,holds,1
CH.ifa.draw.standard.HandleTracker,CH.ifa.draw.standard.AbstractTool,depends,6
CH.ifa.draw.standard.HandleTracker,CH.ifa.draw.standard.AbstractTool,specializes,1
CH.ifa.draw.standard.LocatorConnector,CH.ifa.draw.framework.ConnectionFigure,accepts,1
CH.ifa.draw.standard.LocatorConnector,CH.ifa.draw.framework.Figure,accepts,1
CH.ifa.draw.standard.LocatorConnector,CH.ifa.draw.framework.Locator,accepts,1
CH.ifa.draw.standard.LocatorConnector,CH.ifa.draw.framework.Locator,depends,2
CH.ifa.draw.standard.LocatorConnector,CH.ifa.draw.framework.Locator,holds,1
CH.ifa.draw.standard.LocatorConnector,CH.ifa.draw.standard.AbstractConnector,depends,4
CH.ifa.draw.standard.LocatorConnector,CH.ifa.draw.standard.AbstractConnector,specializes,1
CH.ifa.draw.standard.LocatorConnector,CH.ifa.draw.util.StorableInput,accepts,1
CH.ifa.draw.standard.LocatorConnector,CH.ifa.draw.util.StorableInput,depends,1
CH.ifa.draw.standard.LocatorConnector,CH.ifa.draw.util.StorableOutput,accepts,1
CH.ifa.draw.standard.LocatorConnector,CH.ifa.draw.util.StorableOutput,depends,1
CH.ifa.draw.standard.LocatorHandle,CH.ifa.draw.framework.Figure,accepts,1
CH.ifa.draw.standard.LocatorHandle,CH.ifa.draw.framework.Locator,accepts,1
CH.ifa.draw.standard.LocatorHandle,CH.ifa.draw.framework.Locator,depends,1
CH.ifa.draw.standard.LocatorHandle,CH.ifa.draw.framework.Locator,holds,1
CH.ifa.draw.standard.LocatorHandle,CH.ifa.draw.standard.AbstractHandle,depends,1
CH.ifa.draw.standard.LocatorHandle,CH.ifa.draw.standard.AbstractHandle,specializes,1
CH.ifa.draw.standard.NorthEastHandle,CH.ifa.draw.framework.DrawingView,accepts,1
CH.ifa.draw.standard.NorthEastHandle,CH.ifa.draw.framework.Figure,accepts,1
CH.ifa.draw.standard.NorthEastHandle,CH.ifa.draw.framework.Figure,depends,2
CH.ifa.draw.standard.NorthEastHandle,CH.ifa.draw.standard.AbstractHandle,depends,2
CH.ifa.draw.standard.NorthEastHandle,CH.ifa.draw.standard.LocatorHandle,specializes,1
CH.ifa.draw.standard.NorthEastHandle,CH.ifa.draw.standard.RelativeLocator,depends,1
CH.ifa.draw.standard.NorthHandle,CH.ifa.draw.framework.DrawingView,accepts,1
CH.ifa.draw.standard.NorthHandle,CH.ifa.draw.framework.Figure,accepts,1
CH.ifa.draw.standard.NorthHandle,CH.ifa.draw.framework.Figure,depends,2
CH.ifa.draw.standard.NorthHandle,CH.ifa.draw.standard.AbstractHandle,depends,2
CH.ifa.draw.standard.NorthHandle,CH.ifa.draw.standard.LocatorHandle,specializes,1
CH.ifa.draw.standard.NorthHandle,CH.ifa.draw.standard.RelativeLocator,depends,1
CH.ifa.draw.standard.NorthWestHandle,CH.ifa.draw.framework.DrawingView,accepts,1
CH.ifa.draw.standard.NorthWestHandle,CH.ifa.draw.framework.Figure,accepts,1
CH.ifa.draw.standard.NorthWestHandle,CH.ifa.draw.framework.Figure,depends,2
CH.ifa.draw.standard.NorthWestHandle,CH.ifa.draw.standard.AbstractHandle,depends,2
CH.ifa.draw.standard.NorthWestHandle,CH.ifa.draw.standard.LocatorHandle,specializes,1
CH.ifa.draw.standard.NorthWestHandle,CH.ifa.draw.standard.RelativeLocator,depends,1
CH.ifa.draw.standard.NullHandle,CH.ifa.draw.framework.Figure,accepts,1
CH.ifa.draw.standard.NullHandle,CH.ifa.draw.framework.Locator,accepts,1
CH.ifa.draw.standard.NullHandle,CH.ifa.draw.framework.Locator,holds,1
CH.ifa.draw.standard.NullHandle,CH.ifa.draw.standard.AbstractHandle,depends,1
CH.ifa.draw.standard.NullHandle,CH.ifa.draw.standard.LocatorHandle,specializes,1
CH.ifa.draw.standard.OffsetLocator,CH.ifa.draw.framework.Figure,accepts,1
CH.ifa.draw.standard.OffsetLocator,CH.ifa.draw.framework.Locator,accepts,2
CH.ifa.draw.standard.OffsetLocator,CH.ifa.draw.framework.Locator,depends,1
CH.ifa.draw.standard.OffsetLocator,CH.ifa.draw.framework.Locator,holds,1
CH.ifa.draw.standard.OffsetLocator,CH.ifa.draw.standard.AbstractLocator,depends,2
CH.ifa.draw.standard.OffsetLocator,CH.ifa.draw.standard.AbstractLocator,specializes,1
CH.ifa.draw.standard.OffsetLocator,CH.ifa.draw.util.StorableInput,accepts,1
CH.ifa.draw.standard.OffsetLocator,CH.ifa.draw.util.StorableInput,depends,3
CH.ifa.draw.standard.OffsetLocator,CH.ifa.draw.util.StorableOutput,accepts,1
CH.ifa.draw.standard.OffsetLocator,CH.ifa.draw.util.StorableOutput,depends,3
CH.ifa.draw.standard.PasteCommand,CH.ifa.draw.framework.DrawingView,accepts,1
CH.ifa.draw.standard.PasteCommand,CH.ifa.draw.framework.DrawingView,depends,3
CH.ifa.draw.standard.PasteCommand,CH.ifa.draw.framework.Figure,depends,2
CH.ifa.draw.standard.PasteCommand,CH.ifa.draw.framework.FigureSelection,depends,1
CH.ifa.draw.standard.PasteCommand,CH.ifa.draw.standard.FigureTransferCommand,depends,1
CH.ifa.draw.standard.PasteCommand,CH.ifa.draw.standard.FigureTransferCommand,specializes,1
CH.ifa.draw.standard.PasteCommand,CH.ifa.draw.util.Clipboard,depends,2
CH.ifa.draw.standard.RelativeLocator,CH.ifa.draw.framework.Figure,accepts,1
CH.ifa.draw.standard.RelativeLocator,CH.ifa.draw.framework.Figure,depends,1
CH.ifa.draw.standard.RelativeLocator,CH.ifa.draw.framework.Locator,returns,9
CH.ifa.draw.standard.RelativeLocator,CH.ifa.draw.standard.AbstractLocator,depends,2
CH.ifa.draw.standard.RelativeLocator,CH.ifa.draw.standard.AbstractLocator,specializes,1
CH.ifa.draw.standard.RelativeLocator,CH.ifa.draw.util.StorableInput,accepts,1
CH.ifa.draw.standard.RelativeLocator,CH.ifa.draw.util.StorableInput,depends,2
CH.ifa.draw.standard.RelativeLocator,CH.ifa.draw.util.StorableOutput,accepts,1
CH.ifa.draw.standard.RelativeLocator,CH.ifa.draw.util.StorableOutput,depends,2
CH.ifa.draw.standard.ReverseFigureEnumerator,CH.ifa.draw.framework.Figure,returns,1
CH.ifa.draw.standard.ReverseFigureEnumerator,CH.ifa.draw.framework.FigureEnumeration,specializes,1
CH.ifa.draw.standard.ReverseFigureEnumerator,CH.ifa.draw.util.ReverseVectorEnumerator,constructs,1
CH.ifa.draw.standard.ReverseFigureEnumerator,CH.ifa.draw.util.ReverseVectorEnumerator,depends,3
CH.ifa.draw.standard.ReverseFigureEnumerator,CH.ifa.draw.util.ReverseVectorEnumerator,holds,1
CH.ifa.draw.standard.SelectAreaTracker,CH.ifa.draw.framework.Drawing,depends,1
CH.ifa.draw.standard.SelectAreaTracker,CH.ifa.draw.framework.DrawingView,accepts,1
CH.ifa.draw.standard.SelectAreaTracker,CH.ifa.draw.framework.DrawingView,depends,4
CH.ifa.draw.standard.SelectAreaTracker,CH.ifa.draw.framework.Figure,depends,1
CH.ifa.draw.standard.SelectAreaTracker,CH.ifa.draw.framework.FigureEnumeration,depends,1
CH.ifa.draw.standard.SelectAreaTracker,CH.ifa.draw.standard.AbstractTool,depends,8
CH.ifa.draw.standard.SelectAreaTracker,CH.ifa.draw.standard.AbstractTool,specializes,1
CH.ifa.draw.standard.SelectionTool,CH.ifa.draw.framework.Drawing,depends,1
CH.ifa.draw.standard.SelectionTool,CH.ifa.draw.framework.DrawingView,accepts,4
CH.ifa.draw.standard.SelectionTool,CH.ifa.draw.framework.DrawingView,depends,4
CH.ifa.draw.standard.SelectionTool,CH.ifa.draw.framework.Figure,accepts,1
CH.ifa.draw.standard.SelectionTool,CH.ifa.draw.framework.Handle,accepts,1
CH.ifa.draw.standard.SelectionTool,CH.ifa.draw.framework.Tool,depends,3
CH.ifa.draw.standard.SelectionTool,CH.ifa.draw.framework.Tool,holds,1
CH.ifa.draw.standard.SelectionTool,CH.ifa.draw.framework.Tool,returns,3
CH.ifa.draw.standard.SelectionTool,CH.ifa.draw.standard.AbstractTool,depends,8
CH.ifa.draw.standard.SelectionTool,CH.ifa.draw.standard.AbstractTool,specializes,1
CH.ifa.draw.standard.SelectionTool,CH.ifa.draw.standard.DragTracker,constructs,1
CH.ifa.draw.standard.SelectionTool,CH.ifa.draw.standard.HandleTracker,constructs,1
CH.ifa.draw.standard.SelectionTool,CH.ifa.draw.standard.SelectAreaTracker,constructs,1
CH.ifa.draw.standard.SendToBackCommand,CH.ifa.draw.framework.Drawing,depends,1
CH.ifa.draw.standard.SendToBackCommand,CH.ifa.draw.framework.DrawingView,accepts,1
CH.ifa.draw.standard.SendToBackCommand,CH.ifa.draw.framework.DrawingView,depends,4
CH.ifa.draw.standard.SendToBackCommand,CH.ifa.draw.framework.DrawingView,holds,1
CH.ifa.draw.standard.SendToBackCommand,CH.ifa.draw.framework.FigureEnumeration,depends,1
CH.ifa.draw.standard.SendToBackCommand,CH.ifa.draw.standard.ReverseFigureEnumerator,constructs,1
CH.ifa.draw.standard.SendToBackCommand,CH.ifa.draw.util.Command,specializes,1
CH.ifa.draw.standard.SimpleUpdateStrategy,CH.ifa.draw.framework.DrawingView,accepts,1
CH.ifa.draw.standard.SimpleUpdateStrategy,CH.ifa.draw.framework.DrawingView,depends,1
CH.ifa.draw.standard.SimpleUpdateStrategy,CH.ifa.draw.framework.Painter,specializes,1
CH.ifa.draw.standard.SouthEastHandle,CH.ifa.draw.framework.DrawingView,accepts,1
CH.ifa.draw.standard.SouthEastHandle,CH.ifa.draw.framework.Figure,accepts,1
CH.ifa.draw.standard.SouthEastHandle,CH.ifa.draw.framework.Figure,depends,2
CH.ifa.draw.standard.SouthEastHandle,CH.ifa.draw.standard.AbstractHandle,depends,2
CH.ifa.draw.standard.SouthEastHandle,CH.ifa.draw.standard.LocatorHandle,specializes,1
CH.ifa.draw.standard.SouthEastHandle,CH.ifa.draw.standard.RelativeLocator,depends,1
CH.ifa.draw.standard.SouthHandle,CH.ifa.draw.framework.DrawingView,accepts,1
CH.ifa.draw.standard.SouthHandle,CH.ifa.draw.framework.Figure,accepts,1
CH.ifa.draw.standard.SouthHandle,CH.ifa.draw.framework.Figure,depends,2
CH.ifa.draw.standard.SouthHandle,CH.ifa.draw.standard.AbstractHandle,depends,2
CH.ifa.draw.standard.SouthHandle,CH.ifa.draw.standard.LocatorHandle,specializes,1
CH.ifa.draw.standard.SouthHandle,CH.ifa.draw.standard.RelativeLocator,depends,1
CH.ifa.draw.standard.SouthWestHandle,CH.ifa.draw.framework.DrawingView,accepts,1
CH.ifa.draw.standard.SouthWestHandle,CH.ifa.draw.framework.Figure,accepts,1
CH.ifa.draw.standard.SouthWestHandle,CH.ifa.draw.framework.Figure,depends,2
CH.ifa.draw.standard.SouthWestHandle,CH.ifa.draw.standard.AbstractHandle,depends,2
CH.ifa.draw.standard.SouthWestHandle,CH.ifa.draw.standard.LocatorHandle,specializes,1
CH.ifa.draw.standard.SouthWestHandle,CH.ifa.draw.standard.RelativeLocator,depends,1
CH.ifa.draw.standard.StandardDrawing,CH.ifa.draw.framework.Drawing,specializes,1
CH.ifa.draw.standard.StandardDrawing,CH.ifa.draw.framework.DrawingChangeEvent,constructs,2
CH.ifa.draw.standard.StandardDrawing,CH.ifa.draw.framework.DrawingChangeListener,accepts,2
CH.ifa.draw.standard.StandardDrawing,CH.ifa.draw.framework.DrawingChangeListener,depends,2
CH.ifa.draw.standard.StandardDrawing,CH.ifa.draw.framework.Figure,accepts,1
CH.ifa.draw.standard.StandardDrawing,CH.ifa.draw.framework.Figure,depends,6
CH.ifa.draw.standard.StandardDrawing,CH.ifa.draw.framework.Figure,returns,1
CH.ifa.draw.standard.StandardDrawing,CH.ifa.draw.framework.FigureChangeEvent,accepts,3
CH.ifa.draw.standard.StandardDrawing,CH.ifa.draw.framework.FigureChangeEvent,constructs,1
CH.ifa.draw.standard.StandardDrawing,CH.ifa.draw.framework.FigureChangeEvent,depends,2
CH.ifa.draw.standard.StandardDrawing,CH.ifa.draw.framework.FigureChangeListener,depends,1
CH.ifa.draw.standard.StandardDrawing,CH.ifa.draw.framework.FigureEnumeration,depends,2
CH.ifa.draw.standard.StandardDrawing,CH.ifa.draw.standard.CompositeFigure,depends,1
CH.ifa.draw.standard.StandardDrawing,CH.ifa.draw.standard.CompositeFigure,specializes,1
CH.ifa.draw.standard.StandardDrawing,CH.ifa.draw.standard.NullHandle,constructs,4
CH.ifa.draw.standard.StandardDrawing,CH.ifa.draw.standard.RelativeLocator,depends,4
CH.ifa.draw.standard.StandardDrawingView,CH.ifa.draw.framework.Drawing,accepts,1
CH.ifa.draw.standard.StandardDrawingView,CH.ifa.draw.framework.Drawing,depends,11
CH.ifa.draw.standard.StandardDrawingView,CH.ifa.draw.framework.Drawing,holds,1
CH.ifa.draw.standard.StandardDrawingView,CH.ifa.draw.framework.Drawing,returns,1
CH.ifa.draw.standard.StandardDrawingView,CH.ifa.draw.framework.DrawingChangeEvent,accepts,2
CH.ifa.draw.standard.StandardDrawingView,CH.ifa.draw.framework.DrawingChangeEvent,depends,1
CH.ifa.draw.standard.StandardDrawingView,CH.ifa.draw.framework.DrawingEditor,accepts,2
CH.ifa.draw.standard.StandardDrawingView,CH.ifa.draw.framework.DrawingEditor,depends,2
CH.ifa.draw.standard.StandardDrawingView,CH.ifa.draw.framework.DrawingEditor,holds,1
CH.ifa.draw.standard.StandardDrawingView,CH.ifa.draw.framework.DrawingEditor,returns,1
CH.ifa.draw.standard.StandardDrawingView,CH.ifa.draw.framework.DrawingView,depends,1
CH.ifa.draw.standard.StandardDrawingView,CH.ifa.draw.framework.DrawingView,specializes,1
CH.ifa.draw.standard.StandardDrawingView,CH.ifa.draw.framework.Figure,accepts,5
CH.ifa.draw.standard.StandardDrawingView,CH.ifa.draw.framework.Figure,depends,6
CH.ifa.draw.standard.StandardDrawingView,CH.ifa.draw.framework.Figure,returns,2
CH.ifa.draw.standard.StandardDrawingView,CH.ifa.draw.framework.FigureEnumeration,depends,7
CH.ifa.draw.standard.StandardDrawingView,CH.ifa.draw.framework.FigureEnumeration,returns,1
CH.ifa.draw.standard.StandardDrawingView,CH.ifa.draw.framework.FigureSelection,constructs,1
CH.ifa.draw.standard.StandardDrawingView,CH.ifa.draw.framework.FigureSelection,returns,1
CH.ifa.draw.standard.StandardDrawingView,CH.ifa.draw.framework.Handle,depends,2
CH.ifa.draw.standard.StandardDrawingView,CH.ifa.draw.framework.Handle,returns,1
CH.ifa.draw.standard.StandardDrawingView,CH.ifa.draw.framework.Painter,accepts,5
CH.ifa.draw.standard.StandardDrawingView,CH.ifa.draw.framework.Painter,depends,2
CH.ifa.draw.standard.StandardDrawingView,CH.ifa.draw.framework.Painter,holds,1
CH.ifa.draw.standard.StandardDrawingView,CH.ifa.draw.framework.PointConstrainer,accepts,1
CH.ifa.draw.standard.StandardDrawingView,CH.ifa.draw.framework.PointConstrainer,depends,3
CH.ifa.draw.standard.StandardDrawingView,CH.ifa.draw.framework.PointConstrainer,holds,1
CH.ifa.draw.standard.StandardDrawingView,CH.ifa.draw.framework.PointConstrainer,returns,1
CH.ifa.draw.standard.StandardDrawingView,CH.ifa.draw.framework.Tool,depends,5
CH.ifa.draw.standard.StandardDrawingView,CH.ifa.draw.framework.Tool,returns,1
CH.ifa.draw.standard.StandardDrawingView,CH.ifa.draw.standard.BufferedUpdateStrategy,constructs,1
CH.ifa.draw.standard.StandardDrawingView,CH.ifa.draw.standard.DeleteCommand,constructs,1
CH.ifa.draw.standard.StandardDrawingView,CH.ifa.draw.standard.FigureEnumerator,constructs,3
CH.ifa.draw.standard.StandardDrawingView,CH.ifa.draw.util.Command,depends,1
CH.ifa.draw.standard.StandardDrawingView,CH.ifa.draw.util.Geom,depends,2
CH.ifa.draw.standard.TextHolder,CH.ifa.draw.framework.Figure,accepts,1
CH.ifa.draw.standard.ToggleGridCommand,CH.ifa.draw.framework.DrawingView,accepts,1
CH.ifa.draw.standard.ToggleGridCommand,CH.ifa.draw.framework.DrawingView,depends,3
CH.ifa.draw.standard.ToggleGridCommand,CH.ifa.draw.framework.DrawingView,holds,1
CH.ifa.draw.standard.ToggleGridCommand,CH.ifa.draw.standard.GridConstrainer,constructs,1
CH.ifa.draw.standard.ToggleGridCommand,CH.ifa.draw.util.Command,specializes,1
CH.ifa.draw.standard.ToolButton,CH.ifa.draw.framework.HJDError,constructs,1
CH.ifa.draw.standard.ToolButton,CH.ifa.draw.framework.Tool,accepts,1
CH.ifa.draw.standard.ToolButton,CH.ifa.draw.framework.Tool,holds,1
CH.ifa.draw.standard.ToolButton,CH.ifa.draw.framework.Tool,returns,1
CH.ifa.draw.standard.ToolButton,CH.ifa.draw.util.Iconkit,depends,4
CH.ifa.draw.standard.ToolButton,CH.ifa.draw.util.PaletteButton,specializes,1
CH.ifa.draw.standard.ToolButton,CH.ifa.draw.util.PaletteIcon,constructs,1
CH.ifa.draw.standard.ToolButton,CH.ifa.draw.util.PaletteIcon,depends,10
CH.ifa.draw.standard.ToolButton,CH.ifa.draw.util.PaletteIcon,holds,1
CH.ifa.draw.standard.ToolButton,CH.ifa.draw.util.PaletteListener,accepts,1
CH.ifa.draw.standard.WestHandle,CH.ifa.draw.framework.DrawingView,accepts,1
CH.ifa.draw.standard.WestHandle,CH.ifa.draw.framework.Figure,accepts,1
CH.ifa.draw.standard.WestHandle,CH.ifa.draw.framework.Figure,depends,2
CH.ifa.draw.standard.WestHandle,CH.ifa.draw.standard.AbstractHandle,depends,2
CH.ifa.draw.standard.WestHandle,CH.ifa.draw.standard.LocatorHandle,specializes,1
CH.ifa.draw.standard.WestHandle,CH.ifa.draw.standard.RelativeLocator,depends,1
CH.ifa.draw.util.ColorMap,CH.ifa.draw.util.ColorEntry,constructs,15
CH.ifa.draw.util.CommandButton,CH.ifa.draw.util.Command,accepts,1
CH.ifa.draw.util.CommandButton,CH.ifa.draw.util.Command,depends,4
CH.ifa.draw.util.CommandButton,CH.ifa.draw.util.Command,holds,1
CH.ifa.draw.util.CommandChoice,CH.ifa.draw.util.Command,accepts,1
CH.ifa.draw.util.CommandChoice,CH.ifa.draw.util.Command,depends,2
CH.ifa.draw.util.CommandMenu,CH.ifa.draw.util.Command,accepts,3
CH.ifa.draw.util.CommandMenu,CH.ifa.draw.util.Command,depends,5
CH.ifa.draw.util.PaletteButton,CH.ifa.draw.util.PaletteListener,accepts,1
CH.ifa.draw.util.PaletteButton,CH.ifa.draw.util.PaletteListener,depends,3
CH.ifa.draw.util.PaletteButton,CH.ifa.draw.util.PaletteListener,holds,1
CH.ifa.draw.util.PaletteListener,CH.ifa.draw.util.PaletteButton,accepts,2
CH.ifa.draw.util.Storable,CH.ifa.draw.util.StorableInput,accepts,1
CH.ifa.draw.util.Storable,CH.ifa.draw.util.StorableOutput,accepts,1
CH.ifa.draw.util.StorableInput,CH.ifa.draw.util.Storable,accepts,1
CH.ifa.draw.util.StorableInput,CH.ifa.draw.util.Storable,depends,1
CH.ifa.draw.util.StorableInput,CH.ifa.draw.util.Storable,returns,2
CH.ifa.draw.util.StorableOutput,CH.ifa.draw.util.Storable,accepts,4
CH.ifa.draw.util.StorableOutput,CH.ifa.draw.util.Storable,depends,1